date,target_return_t+1,target_volatility_t+1,volatility,sentiment_roll_5,sentiment_roll_10,sentiment_zscore,sentiment_momentum,sentiment_volatility,momentum,momentum_acceleration,sentiment_zscore_x_volatility
2026-03-24,0.0139258073980391,0.011579333488333584,0.011127535121388362,0.7395133964717389,0.7427549036219716,-0.9965953284204494,0.008855916559696196,0.02141616811914923,-101.25993652343732,-20.9029541015625,-0.011089649518810122
2026-03-25,-0.0132981282325235,0.01184438344964962,0.011579333488333584,0.7409822311252355,0.7454193528741598,0.5173764374369165,0.03371860645711422,0.02128878337594664,-115.51091308593732,-14.2509765625,0.005990874308088012
2026-03-26,0.0055767987101583,0.011985892357296699,0.01184438344964962,0.7452021896839142,0.749545201100409,0.7067165660924257,0.005523703992366789,0.021412199006184338,-124.18793945312518,-8.67702636718786,0.008370621999018339
2026-03-27,-0.0023613564298663,0.011900337217098697,0.011985892357296699,0.7481318507343531,0.7506407717242837,1.1146242254478533,0.011181775480508803,0.022130969554611288,-126.67397460937445,-2.4860351562492724,0.013359765985053177
2026-03-30,-0.009371661215305,0.011625027981679964,0.011900337217098697,0.759994973987341,0.7522282289341092,1.05158882656225,3.56137752532959e-05,0.020247575616788208,-100.04794921874964,26.626025390624818,0.012514261649823891
2026-03-31,0.0169386862694341,0.01216197258842072,0.011625027981679964,0.7756391428411007,0.7575762696564199,2.0619126629889997,0.027761144563555717,0.02192985287347804,-94.68952636718677,5.358422851562864,0.023969792403027372
2026-04-01,-0.0104742263114902,0.012076085576254269,0.01216197258842072,0.7698887597769499,0.7554354954510927,-1.1683484303437486,-0.07325415313243866,0.02280921056271973,-93.1416015625,1.5479248046867724,-0.014209421583565045
2026-04-02,-0.0085474507970086,0.012114014948211346,0.012076085576254269,0.7625331789255143,0.7538676843047143,-1.150734110912513,-0.0025022849440574646,0.023324122063082528,-84.42653808593786,8.715063476562136,-0.013896363598894379
2026-04-03,-3.826461609837159e-05,0.012000334152248876,0.012114014948211346,0.7547725137323141,0.7514521822333335,-0.6826057050798292,0.009156353771686552,0.023142003370520497,-85.80000000000018,-1.373461914062318,-0.008269095715071397
2026-04-07,0.0342966000065915,0.014159614868549273,0.012000334152248876,0.7523529566824436,0.7561739653348922,0.4830798606659354,0.026741154491901398,0.023033923321166272,-87.32402343749982,-1.5240234374996362,0.005797119750213053
2026-04-08,-0.0064048565176157,0.014105429863477318,0.014159614868549273,0.748181589692831,0.761910366266966,1.324136446321875,0.019002094864845276,0.022849672179056826,-54.26198730468695,33.062036132812864,0.01874926211332722
2026-04-09,0.0152890546134911,0.014581104830910067,0.014105429863477318,0.7573825199156999,0.7636356398463249,0.9449087841514487,-0.006392667070031166,0.022932302910182736,-39.31791992187481,14.944067382812136,0.013328344582231885
2026-04-10,0.0020662747841597,0.0145694259626667,0.014581104830910067,0.7700746074318886,0.7663038931787014,1.4395137138177192,0.014953501522541048,0.023080634995019708,-5.236474609374454,34.081445312500364,0.02098970036670883
2026-04-13,0.011793660753043,0.014816639868155476,0.0145694259626667,0.7775290336459875,0.7661507736891509,0.6741744573046904,-0.017031952738761902,0.02332108174958486,36.986547851563046,42.2230224609375,0.00982233484162169
2026-04-14,-0.0034154903049793,0.014735924918071828,0.014816639868155476,0.7752330172806978,0.7637929869815707,-0.2526744503873381,-0.022011058405041695,0.0233600554623698,87.63249511718732,50.64594726562427,-0.0037437863352733063
2026-04-15,0.0109023850393714,0.014895844993730159,0.014735924918071828,0.7744208183139563,0.7613012040033936,0.8050289294236574,0.026421181857585907,0.02371282001111935,103.17998046874982,15.5474853515625,0.01186284586086276
2026-04-16,-0.0016776985887015,0.014363211826732631,0.014895844993730159,0.7730675745755433,0.7652250472456217,0.38337611675620126,-0.009097890928387642,0.023737791467404012,133.34392089843735,30.1639404296875,0.00571071120949857
2026-04-17,0.0060657336162917,0.014344072823701495,0.014363211826732631,0.7670991815626621,0.7685868944972754,0.0034880549999958266,-0.008122244849801064,0.02339965934166413,144.49294433593786,11.149023437500546,5.009967282823373e-05
2026-04-20,0.002217233636435,0.011712602174224561,0.014344072823701495,0.7664638325572014,0.7719964331015945,0.3922336449133496,0.009633267298340796,0.023499971775962414,157.2279052734375,12.734960937499636,0.0056262279665429595
2026-04-21,0.0066118774304454,0.011545012878844732,0.011712602174224561,0.6442434311742667,0.7097382242274823,-4.201336976738426,-0.6299363202924113,0.1408946812711997,153.07194824218732,-4.155957031250182,-0.04920858860839654
2026-04-22,-0.0027748526544077,0.011353989468839087,0.011545012878844732,0.5141035965665928,0.6442622074402745,-2.9439651518876757,-0.013175984266110496,0.1954009094136121,159.70244140624985,6.6304931640625,-0.033988115593413304
2026-04-23,-0.003549709262413,0.01082955526773028,0.011353989468839087,0.37776440203936257,0.575415988307453,-2.4419669265252333,-0.040094690526169,0.23824572781431813,157.2034912109375,-2.498950195312318,-0.027726066767020857
2026-04-24,0.0003312421570116,0.010831390063314518,0.01082955526773028,0.23328182785883983,0.500190504710751,-2.1583108202271424,-0.048839143116263806,0.2753769261491982,150.75151367187485,-6.451977539062681,-0.023373546312590116
2026-04-27,-0.0026739485447099,0.010839596357199688,0.010831390063314518,0.10645416819111991,0.4364590003741606,-1.5778639248598518,0.09790783986235502,0.29438497243127765,140.0345458984375,-10.716967773437318,-0.017090459636989446
2026-04-28,0.0108983279554872,0.010578324733676557,0.010839596357199688,0.08617578144483279,0.36520960630954974,-1.6578349572675788,-0.0971899556852473,0.3166091480019242,124.7635498046875,-15.27099609375,-0.017970261763635947
2026-04-29,-0.0006321785370572,0.010159152341206252,0.010578324733676557,0.0678893502979982,0.2909964734322955,-1.4741960695178453,-0.0032162062688478044,0.3322147273723862,108.892578125,-15.8709716796875,-0.01559452474446939
2026-04-30,0.0144110101802934,0.009941793097241849,0.010159152341206252,0.07539627035852253,0.22658033619894255,-1.0897613545653766,0.08887206551062571,0.34010365269803317,99.02656250000018,-9.866015624999815,-0.011071051616588942
2026-05-06,0.004790535018762,0.009473905274811222,0.009941793097241849,0.0656079819686528,0.1494449049137463,-1.3273211577625976,-0.1353151853682342,0.33734252883405674,100.66152343749945,1.6349609374992724,-0.013195952324067253
2026-05-07,-0.005853144104285,0.009720273249279803,0.009473905274811222,0.05688436779394812,0.0816692679925341,-0.9370666560129699,0.10323121093818038,0.35605375675832135,103.58745117187482,2.925927734375364,-0.00887768073525099
2026-05-08,0.0162731037265003,0.007379091495276528,0.009720273249279803,0.05880883266498893,0.07249230705491083,-0.9594579089610225,-0.043949560456520195,0.3563241838675215,104.76298828125073,1.1755371093759095,-0.009326193046283765
2026-05-11,-0.000765673029145,0.00707268992222581,0.007379091495276528,0.05938441384977222,0.06363688207388518,-0.8937470917888646,-0.009960624700135395,0.35208285294980085,115.2469482421875,10.483959960936772,-0.006595041563947342
2026-05-12,0.0101123059499894,0.00672455366110925,0.00707268992222581,0.031180423716004158,0.05328834703726332,-0.9524382494283292,-0.0550257910821311,0.34658559901074487,124.30341796875018,9.056469726562682,-0.0067363004082741365
2026-05-13,-0.0168954394114056,0.008159086358499806,0.00672455366110925,0.04656660347591224,0.05608729272228252,-0.636953379889688,0.0826356641001469,0.3316612648547844,130.46491699218768,6.1614990234375,-0.004283227182693114
2026-05-14,-0.0112563465772342,0.008445999084761754,0.008159086358499806,0.040093958271169905,0.04848916303255901,-0.5796752076064049,-0.006062913885072005,0.31336671880086847,119.86098632812536,-10.603930664062318,-0.004729620078741961
2026-05-15,-0.0053790553177737,0.008519149258471923,0.008445999084761754,0.04648939779214423,0.05264911522856658,-0.43880165367477514,0.0203908631720634,0.2910551349919902,109.48142089843714,-10.379565429688228,-0.003706118365329095
2026-05-18,0.0039973342532173,0.008256378867324934,0.008519149258471923,0.030792939084461568,0.04508867646711695,-0.7883076600626979,-0.1204201158434202,0.2629030080040051,78.40395507812445,-31.077465820312685,-0.006715710617670871
