date,prediction,probability,confidence,position,actual_return,actual_direction,execution_uuid
2026-05-19,0,0.5,0.0,0,-0.0004492542997762,0,1f204f79-b7ad-42d0-bdb4-0389eb2712e1
2026-05-20,0,0.5,0.0,0,-0.0140341724197025,0,3f656ea9-ddde-475e-a058-8b0842563da6
2026-05-21,0,0.5,0.0,0,0.0128790128434395,1,711bb3c6-68fa-44f8-84db-ed65f1e68987
2026-05-22,0,0.5,0.0,0,0.0156657956112265,1,93f9dd29-840e-40a9-ba4a-d8c696177055
2026-05-25,1,0.45204542049926527,0.4795457950073473,1,0.0053194577974199,1,f943bf02-44d0-44eb-9a57-26a745ed1ac3
2026-05-26,1,0.3094272257424378,1.0,1,-0.0080520108706493,0,314378b3-0c96-4303-811e-f2bc522159b7
2026-05-27,1,0.3094272257424378,1.0,1,0.0012298526214373,1,11816d37-5f52-4d65-83a4-755a766fec10
2026-05-28,1,0.3094272257424378,1.0,1,-0.0045052289566623,0,e5b29be8-254b-4105-a8e9-78f437659b49
2026-05-29,1,0.3094272257424378,1.0,1,-0.009831320805597,0,a17e9246-2bf6-40ba-a9c9-46728a54ae04
