date,close,return,volatility,execution_uuid,sentiment_mean,sentiment_std,article_count
2026-02-24,4707.5400390625,0.010062026263055,0.0087749565933494,045d264f-9f59-4ef7-9ed6-1d2e82c28188,0.688308535143733,0.0,1
2026-02-25,4735.89013671875,0.006004212939209,0.0088530736740505,045d264f-9f59-4ef7-9ed6-1d2e82c28188,0.7317541502416134,0.0,1
2026-02-26,4726.8701171875,-0.0019064251911977,0.0088633578946503,045d264f-9f59-4ef7-9ed6-1d2e82c28188,0.7363588679581881,0.0,1
2026-02-27,4710.64990234375,-0.0034373926161183,0.0088972779219651,045d264f-9f59-4ef7-9ed6-1d2e82c28188,0.7427299488335848,0.0,1
2026-03-02,4728.669921875,0.0038180804883711,0.0088770509301523,045d264f-9f59-4ef7-9ed6-1d2e82c28188,0.7074603866785765,0.0,1
2026-03-03,4655.89990234375,-0.0155087509497948,0.0095489131350486,045d264f-9f59-4ef7-9ed6-1d2e82c28188,0.7267505340278149,0.0,1
2026-03-04,4602.6298828125,-0.0115073577765752,0.009857480970545,045d264f-9f59-4ef7-9ed6-1d2e82c28188,0.7578802481293678,0.0,1
2026-03-05,4647.68994140625,0.0097424555815149,0.0101244350490474,045d264f-9f59-4ef7-9ed6-1d2e82c28188,0.7739213407039642,0.0,1
2026-03-06,4660.43994140625,0.0027395423430226,0.0099716866079381,045d264f-9f59-4ef7-9ed6-1d2e82c28188,0.774589067324996,0.0,1
2026-03-09,4615.4599609375,-0.009698322211383,0.0099552402712515,045d264f-9f59-4ef7-9ed6-1d2e82c28188,0.7672699317336082,0.0,1
2026-03-10,4674.759765625,0.0127662448910997,0.0091462150227431,045d264f-9f59-4ef7-9ed6-1d2e82c28188,0.7851421516388655,0.0,1
2026-03-11,4704.5,0.0063417230764773,0.0088840913358884,045d264f-9f59-4ef7-9ed6-1d2e82c28188,0.7323001474142075,0.0,1
2026-03-12,4687.56005859375,-0.0036072937502335,0.008732574646814,045d264f-9f59-4ef7-9ed6-1d2e82c28188,0.7232098616659641,0.0,1
2026-03-13,4669.14013671875,-0.0039372738863394,0.0086702313757303,045d264f-9f59-4ef7-9ed6-1d2e82c28188,0.7646944131702185,0.0,1
2026-03-16,4671.56005859375,0.0005181457232413,0.0085642745205488,045d264f-9f59-4ef7-9ed6-1d2e82c28188,0.7598111610859632,0.0,1
2026-03-17,4637.43994140625,-0.0073305983418201,0.0078608426497822,045d264f-9f59-4ef7-9ed6-1d2e82c28188,0.7499664705246687,0.0,1
2026-03-18,4658.330078125,0.0044945543707909,0.0079417827572623,045d264f-9f59-4ef7-9ed6-1d2e82c28188,0.7516004666686058,0.0,1
2026-03-19,4583.25,-0.0162486781193249,0.0086690266733464,045d264f-9f59-4ef7-9ed6-1d2e82c28188,0.7433685511350632,0.0,1
2026-03-20,4567.02001953125,-0.0035474357487482,0.0086585794005265,045d264f-9f59-4ef7-9ed6-1d2e82c28188,0.7610018141567707,0.0,1
2026-03-23,4418.0,-0.0331738127143238,0.0109474777041583,045d264f-9f59-4ef7-9ed6-1d2e82c28188,0.7163701169192791,0.0,1
2026-03-24,4474.72021484375,0.012756722951697,0.0111275351213883,045d264f-9f59-4ef7-9ed6-1d2e82c28188,0.7252260334789753,0.0,1
2026-03-25,4537.47021484375,0.0139258073980391,0.0115793334883336,045d264f-9f59-4ef7-9ed6-1d2e82c28188,0.7589446399360895,0.0,1
2026-03-26,4477.52978515625,-0.0132981282325235,0.0118443834496496,045d264f-9f59-4ef7-9ed6-1d2e82c28188,0.7644683439284563,0.0,1
2026-03-27,4502.56982421875,0.0055767987101583,0.0119858923572967,045d264f-9f59-4ef7-9ed6-1d2e82c28188,0.7756501194089651,0.0,1
2026-03-30,4491.9501953125,-0.0023613564298663,0.0119003372170987,045d264f-9f59-4ef7-9ed6-1d2e82c28188,0.7756857331842184,0.0,1
2026-03-31,4450.0498046875,-0.009371661215305,0.01162502798168,045d264f-9f59-4ef7-9ed6-1d2e82c28188,0.8034468777477741,0.0,1
2026-04-01,4526.06982421875,0.0169386862694341,0.0121619725884207,045d264f-9f59-4ef7-9ed6-1d2e82c28188,0.7301927246153355,0.0,1
2026-04-02,4478.91015625,-0.0104742263114902,0.0120760855762543,045d264f-9f59-4ef7-9ed6-1d2e82c28188,0.727690439671278,0.0,1
2026-04-03,4440.7900390625,-0.0085474507970086,0.0121140149482113,045d264f-9f59-4ef7-9ed6-1d2e82c28188,0.7368467934429646,0.0,1
2026-04-07,4440.6201171875,-3.826461609837159e-05,0.0120003341522489,045d264f-9f59-4ef7-9ed6-1d2e82c28188,0.763587947934866,0.0,1
2026-04-08,4595.56005859375,0.0342966000065915,0.0141596148685493,045d264f-9f59-4ef7-9ed6-1d2e82c28188,0.7825900427997112,0.0,1
2026-04-09,4566.22021484375,-0.0064048565176157,0.0141054298634773,045d264f-9f59-4ef7-9ed6-1d2e82c28188,0.7761973757296801,0.0,1
2026-04-10,4636.56982421875,0.0152890546134911,0.0145811048309101,045d264f-9f59-4ef7-9ed6-1d2e82c28188,0.7911508772522211,0.0,1
2026-04-13,4646.16015625,0.0020662747841597,0.0145694259626667,045d264f-9f59-4ef7-9ed6-1d2e82c28188,0.7741189245134592,0.0,1
2026-04-14,4701.27978515625,0.011793660753043,0.0148166398681555,045d264f-9f59-4ef7-9ed6-1d2e82c28188,0.7521078661084175,0.0,1
2026-04-15,4685.25,-0.0034154903049793,0.0147359249180718,045d264f-9f59-4ef7-9ed6-1d2e82c28188,0.7785290479660034,0.0,1
2026-04-16,4736.60986328125,0.0109023850393714,0.0148958449937302,045d264f-9f59-4ef7-9ed6-1d2e82c28188,0.7694311570376158,0.0,1
2026-04-17,4728.669921875,-0.0016776985887015,0.0143632118267326,045d264f-9f59-4ef7-9ed6-1d2e82c28188,0.7613089121878147,0.0,1
2026-04-20,4757.43994140625,0.0060657336162917,0.0143440728237015,045d264f-9f59-4ef7-9ed6-1d2e82c28188,0.7709421794861555,0.0,1
2026-04-21,4768.0,0.002217233636435,0.0117126021742246,045d264f-9f59-4ef7-9ed6-1d2e82c28188,0.1410058591937442,0.5113192854392673,119
2026-04-22,4799.6298828125,0.0066118774304454,0.0115450128788447,045d264f-9f59-4ef7-9ed6-1d2e82c28188,0.1278298749276337,0.4890011500174969,188
2026-04-23,4786.330078125,-0.0027748526544077,0.0113539894688391,045d264f-9f59-4ef7-9ed6-1d2e82c28188,0.0877351844014647,0.5234887717300559,195
2026-04-24,4769.3701171875,-0.003549709262413,0.0108295552677303,045d264f-9f59-4ef7-9ed6-1d2e82c28188,0.0388960412852009,0.5175746555957769,163
2026-04-27,4770.9501953125,0.0003312421570116,0.0108313900633145,045d264f-9f59-4ef7-9ed6-1d2e82c28188,0.1368038811475559,0.5097940611705023,186
2026-04-28,4758.2099609375,-0.0026739485447099,0.0108395963571997,045d264f-9f59-4ef7-9ed6-1d2e82c28188,0.0396139254623086,0.4416974282415514,153
2026-04-29,4810.35009765625,0.0108983279554872,0.0105783247336766,045d264f-9f59-4ef7-9ed6-1d2e82c28188,0.0363977191934608,0.5904219857280414,159
2026-04-30,4807.31005859375,-0.0006321785370572,0.0101591523412062,045d264f-9f59-4ef7-9ed6-1d2e82c28188,0.1252697847040865,0.5419102720952641,158
2026-05-06,4877.08984375,0.0144110101802934,0.0099417930972418,045d264f-9f59-4ef7-9ed6-1d2e82c28188,-0.0100454006641477,0.542530006064628,119
2026-05-07,4900.509765625,0.004790535018762,0.0094739052748112,045d264f-9f59-4ef7-9ed6-1d2e82c28188,0.0931858102740327,0.5067504146253536,147
2026-05-08,4871.91015625,-0.005853144104285,0.0097202732492798,045d264f-9f59-4ef7-9ed6-1d2e82c28188,0.0492362498175125,0.5246171369024577,164
2026-05-11,4951.83984375,0.0162731037265003,0.0073790914952765,045d264f-9f59-4ef7-9ed6-1d2e82c28188,0.0392756251173771,0.5467346951861648,132
2026-05-12,4948.0498046875,-0.000765673029145,0.0070726899222258,045d264f-9f59-4ef7-9ed6-1d2e82c28188,-0.015750165964754,0.5229145843334729,131
2026-05-13,4998.33984375,0.0101123059499894,0.0067245536611092,045d264f-9f59-4ef7-9ed6-1d2e82c28188,0.0668854981353929,0.4128835253033412,176
2026-05-14,4914.60009765625,-0.0168954394114056,0.0081590863584998,045d264f-9f59-4ef7-9ed6-1d2e82c28188,0.0608225842503209,0.4407074781266053,150
2026-05-15,4859.58984375,-0.0112563465772342,0.0084459990847618,045d264f-9f59-4ef7-9ed6-1d2e82c28188,0.0812134474223843,0.542575195758692,169
2026-05-18,4833.52001953125,-0.0053790553177737,0.0085191492584719,045d264f-9f59-4ef7-9ed6-1d2e82c28188,-0.0392066684210359,0.5434485635223104,202
2026-05-19,4852.8798828125,0.0039973342532173,0.0082563788673249,045d264f-9f59-4ef7-9ed6-1d2e82c28188,0.1114761162588888,0.5291498715810672,188
2026-05-20,4850.7001953125,-0.0004492542997762,0.0082382953426393,045d264f-9f59-4ef7-9ed6-1d2e82c28188,0.1755355061254949,0.4873147899677861,167
2026-05-21,4783.10009765625,-0.0140341724197025,0.008827880501869,045d264f-9f59-4ef7-9ed6-1d2e82c28188,0.0464722177363,0.4827915594613866,160
2026-05-22,4845.10009765625,0.0128790128434395,0.0092629198500308,045d264f-9f59-4ef7-9ed6-1d2e82c28188,0.1196255907906513,0.5283315357843794,152
2026-05-25,4921.60009765625,0.0156657956112265,0.0097692056139571,045d264f-9f59-4ef7-9ed6-1d2e82c28188,0.1149590462219849,0.4959028663788055,144
2026-05-26,4947.85009765625,0.0053194577974199,0.0097611435191913,045d264f-9f59-4ef7-9ed6-1d2e82c28188,0.1335594257032983,0.5161053316822721,173
2026-05-27,4908.169921875,-0.0080520108706493,0.0099379184019633,045d264f-9f59-4ef7-9ed6-1d2e82c28188,0.1197536206613718,0.5034889354880228,132
2026-05-28,4914.2099609375,0.0012298526214373,0.0099346994951397,045d264f-9f59-4ef7-9ed6-1d2e82c28188,0.1155043163432189,0.4590309104524467,166
2026-05-29,4892.1201171875,-0.0045052289566623,0.0099833128450112,045d264f-9f59-4ef7-9ed6-1d2e82c28188,0.1505054069372514,0.4587247221333576,150
2026-06-01,4844.259765625,-0.009831320805597,0.0100199619721267,045d264f-9f59-4ef7-9ed6-1d2e82c28188,0.0277071125216873,0.5359336492117674,163
