timestamp,prediction,signal,position,features
2026-05-11 17:56:57,0.0,NO TRADE,0.05132350167349336,{}
2026-05-11 17:57:34,0.0,NO TRADE,0.05132350167349336,{}
2026-05-11 17:58:58,0.0,NO TRADE,0.05132350167349336,"{'volatility': 0.0, 'sentiment_roll_5': -0.0, 'sentiment_roll_10': 0.0}"
2026-05-11 17:59:24,0.0,NO TRADE,0.05132350167349336,"{'volatility': 0.0, 'sentiment_roll_5': -0.0, 'sentiment_roll_10': 0.0}"
2026-05-15 14:30:23,0.0,NO TRADE,0.03592645117144535,"{'volatility': 0.0, 'sentiment_roll_5': -0.0, 'sentiment_roll_10': 0.0}"
2026-05-15 14:32:44,0.0,NO TRADE,0.03592645117144535,"{'volatility': 0.0, 'sentiment_roll_5': -0.0, 'sentiment_roll_10': 0.0}"
2026-05-15 14:47:52,0.0,NO TRADE,0.03592645117144535,"{'volatility': 0.0, 'sentiment_roll_5': -0.0, 'sentiment_roll_10': 0.0}"
2026-05-15 14:49:24,0.0,LONG,0.03592645117144535,"{'volatility': 0.0, 'sentiment_roll_5': -0.0, 'sentiment_roll_10': 0.0}"
2026-05-21 15:35:36,0.0,NO TRADE,0.012574257910005871,"{'volatility': 0.0, 'sentiment_roll_5': -0.0, 'sentiment_roll_10': 0.0}"
2026-05-21 15:41:01,0.0,NO TRADE,0.012574257910005871,"{'volatility': 0.0, 'sentiment_roll_5': -0.0, 'sentiment_roll_10': 0.0}"
2026-05-21 15:42:15,0.0,NO TRADE,0.012574257910005871,"{'volatility': 0.0, 'sentiment_roll_5': -0.0, 'sentiment_roll_10': 0.0}"
2026-05-21 15:43:27,0.0,LONG,0.012574257910005871,"{'volatility': 0.0, 'sentiment_roll_5': -0.0, 'sentiment_roll_10': 0.0}"
2026-05-21 15:47:17,0.0,LONG,0.012574257910005871,"{'volatility': 0.0, 'sentiment_roll_5': -0.0, 'sentiment_roll_10': 0.0}"
2026-05-21 15:48:52,0.0,LONG,0.012574257910005871,"{'volatility': 0.0, 'sentiment_roll_5': -0.0, 'sentiment_roll_10': 0.0}"
2026-05-21 16:28:24,0.0,NO TRADE,0.012574257910005871,"{'volatility': 0.0, 'sentiment_roll_5': -0.0, 'sentiment_roll_10': 0.0}"
2026-05-21 16:58:48,0.0,NO TRADE,0.012574257910005871,"{'volatility': 0.0, 'sentiment_roll_5': -0.0, 'sentiment_roll_10': 0.0}"
2026-05-21 16:59:23,0.0,NO TRADE,0.012574257910005871,"{'volatility': 0.0, 'sentiment_roll_5': -0.0, 'sentiment_roll_10': 0.0}"
2026-05-21 17:00:00,0.0,NO TRADE,0.012574257910005871,"{'volatility': 0.0, 'sentiment_roll_5': -0.0, 'sentiment_roll_10': 0.0}"
2026-05-21 17:00:01,0.0,NO TRADE,0.012574257910005871,"{'volatility': 0.0, 'sentiment_roll_5': -0.0, 'sentiment_roll_10': 0.0}"
2026-05-21 17:00:35,0.0,NO TRADE,0.012574257910005871,"{'volatility': 0.0, 'sentiment_roll_5': -0.0, 'sentiment_roll_10': 0.0}"
2026-05-21 17:00:36,0.0,NO TRADE,0.012574257910005871,"{'volatility': 0.0, 'sentiment_roll_5': -0.0, 'sentiment_roll_10': 0.0}"
2026-05-21 17:00:37,0.0,NO TRADE,0.012574257910005871,"{'volatility': 0.0, 'sentiment_roll_5': -0.0, 'sentiment_roll_10': 0.0}"
2026-05-21 17:00:37,0.0,NO TRADE,0.012574257910005871,"{'volatility': 0.0, 'sentiment_roll_5': -0.0, 'sentiment_roll_10': 0.0}"
2026-05-21 17:00:38,0.0,NO TRADE,0.012574257910005871,"{'volatility': 0.0, 'sentiment_roll_5': -0.0, 'sentiment_roll_10': 0.0}"
2026-05-21 17:00:38,0.0,NO TRADE,0.012574257910005871,"{'volatility': 0.0, 'sentiment_roll_5': -0.0, 'sentiment_roll_10': 0.0}"
2026-05-21 17:00:39,0.0,NO TRADE,0.012574257910005871,"{'volatility': 0.0, 'sentiment_roll_5': -0.0, 'sentiment_roll_10': 0.0}"
2026-05-21 17:00:39,0.0,NO TRADE,0.012574257910005871,"{'volatility': 0.0, 'sentiment_roll_5': -0.0, 'sentiment_roll_10': 0.0}"
2026-05-21 17:00:40,0.0,NO TRADE,0.012574257910005871,"{'volatility': 0.0, 'sentiment_roll_5': -0.0, 'sentiment_roll_10': 0.0}"
2026-05-21 17:00:40,0.0,NO TRADE,0.012574257910005871,"{'volatility': 0.0, 'sentiment_roll_5': -0.0, 'sentiment_roll_10': 0.0}"
2026-05-21 17:00:40,0.0,NO TRADE,0.012574257910005871,"{'volatility': 0.0, 'sentiment_roll_5': -0.0, 'sentiment_roll_10': 0.0}"
2026-05-21 17:00:40,0.0,NO TRADE,0.012574257910005871,"{'volatility': 0.0, 'sentiment_roll_5': -0.0, 'sentiment_roll_10': 0.0}"
2026-05-21 17:01:21,0.0,NO TRADE,0.012574257910005871,"{'volatility': 0.0, 'sentiment_roll_5': -0.0, 'sentiment_roll_10': 0.0}"
2026-05-21 17:01:22,0.0,NO TRADE,0.012574257910005871,"{'volatility': 0.0, 'sentiment_roll_5': -0.0, 'sentiment_roll_10': 0.0}"
2026-05-21 17:01:23,0.0,NO TRADE,0.012574257910005871,"{'volatility': 0.0, 'sentiment_roll_5': -0.0, 'sentiment_roll_10': 0.0}"
2026-05-21 17:01:23,0.0,NO TRADE,0.012574257910005871,"{'volatility': 0.0, 'sentiment_roll_5': -0.0, 'sentiment_roll_10': 0.0}"
2026-05-21 17:01:23,0.0,NO TRADE,0.012574257910005871,"{'volatility': 0.0, 'sentiment_roll_5': -0.0, 'sentiment_roll_10': 0.0}"
2026-05-21 17:01:24,0.0,NO TRADE,0.012574257910005871,"{'volatility': 0.0, 'sentiment_roll_5': -0.0, 'sentiment_roll_10': 0.0}"
2026-05-21 17:01:25,0.0,NO TRADE,0.012574257910005871,"{'volatility': 0.0, 'sentiment_roll_5': -0.0, 'sentiment_roll_10': 0.0}"
2026-05-21 17:02:17,0.0,NO TRADE,0.012574257910005871,"{'volatility': 0.0, 'sentiment_roll_5': -0.0, 'sentiment_roll_10': 0.0}"
2026-05-21 17:02:18,0.0,NO TRADE,0.012574257910005871,"{'volatility': 0.0, 'sentiment_roll_5': -0.0, 'sentiment_roll_10': 0.0}"
2026-05-21 17:02:19,0.0,NO TRADE,0.012574257910005871,"{'volatility': 0.0, 'sentiment_roll_5': -0.0, 'sentiment_roll_10': 0.0}"
2026-05-21 17:02:19,0.0,NO TRADE,0.012574257910005871,"{'volatility': 0.0, 'sentiment_roll_5': -0.0, 'sentiment_roll_10': 0.0}"
2026-05-21 17:02:20,0.0,NO TRADE,0.012574257910005871,"{'volatility': 0.0, 'sentiment_roll_5': -0.0, 'sentiment_roll_10': 0.0}"
2026-05-21 17:02:20,0.0,NO TRADE,0.012574257910005871,"{'volatility': 0.0, 'sentiment_roll_5': -0.0, 'sentiment_roll_10': 0.0}"
2026-05-21 17:02:21,0.0,NO TRADE,0.012574257910005871,"{'volatility': 0.0, 'sentiment_roll_5': -0.0, 'sentiment_roll_10': 0.0}"
2026-05-21 17:02:31,0.0,NO TRADE,0.012574257910005871,"{'volatility': 0.0, 'sentiment_roll_5': -0.0, 'sentiment_roll_10': 0.0}"
2026-05-21 17:02:31,0.0,NO TRADE,0.012574257910005871,"{'volatility': 0.0, 'sentiment_roll_5': -0.0, 'sentiment_roll_10': 0.0}"
2026-05-21 17:02:32,0.0,NO TRADE,0.012574257910005871,"{'volatility': 0.0, 'sentiment_roll_5': -0.0, 'sentiment_roll_10': 0.0}"
2026-05-21 17:02:32,0.0,NO TRADE,0.012574257910005871,"{'volatility': 0.0, 'sentiment_roll_5': -0.0, 'sentiment_roll_10': 0.0}"
2026-05-21 17:02:32,0.0,NO TRADE,0.012574257910005871,"{'volatility': 0.0, 'sentiment_roll_5': -0.0, 'sentiment_roll_10': 0.0}"
2026-05-21 17:08:01,0.0,NO TRADE,0.012574257910005871,"{'volatility': 0.0, 'sentiment_roll_5': -0.0, 'sentiment_roll_10': 0.0}"
2026-05-21 17:08:02,0.0,NO TRADE,0.012574257910005871,"{'volatility': 0.0, 'sentiment_roll_5': -0.0, 'sentiment_roll_10': 0.0}"
2026-05-21 17:08:03,0.0,NO TRADE,0.012574257910005871,"{'volatility': 0.0, 'sentiment_roll_5': -0.0, 'sentiment_roll_10': 0.0}"
2026-05-21 17:08:03,0.0,NO TRADE,0.012574257910005871,"{'volatility': 0.0, 'sentiment_roll_5': -0.0, 'sentiment_roll_10': 0.0}"
2026-05-21 17:08:04,0.0,NO TRADE,0.012574257910005871,"{'volatility': 0.0, 'sentiment_roll_5': -0.0, 'sentiment_roll_10': 0.0}"
2026-05-21 17:08:05,0.0,NO TRADE,0.012574257910005871,"{'volatility': 0.0, 'sentiment_roll_5': -0.0, 'sentiment_roll_10': 0.0}"
2026-05-21 17:08:06,0.0,NO TRADE,0.012574257910005871,"{'volatility': 0.0, 'sentiment_roll_5': -0.0, 'sentiment_roll_10': 0.0}"
2026-05-21 17:08:07,0.0,NO TRADE,0.012574257910005871,"{'volatility': 0.0, 'sentiment_roll_5': -0.0, 'sentiment_roll_10': 0.0}"
2026-05-21 17:08:08,0.0,NO TRADE,0.012574257910005871,"{'volatility': 0.0, 'sentiment_roll_5': -0.0, 'sentiment_roll_10': 0.0}"
2026-05-21 17:08:08,0.0,NO TRADE,0.012574257910005871,"{'volatility': 0.0, 'sentiment_roll_5': -0.0, 'sentiment_roll_10': 0.0}"
2026-05-21 17:08:09,0.0,NO TRADE,0.012574257910005871,"{'volatility': 0.0, 'sentiment_roll_5': -0.0, 'sentiment_roll_10': 0.0}"
2026-05-21 17:08:34,0.0,NO TRADE,0.012574257910005871,"{'volatility': 0.0, 'sentiment_roll_5': -0.0, 'sentiment_roll_10': 0.0}"
2026-05-21 17:08:35,0.0,NO TRADE,0.012574257910005871,"{'volatility': 0.0, 'sentiment_roll_5': -0.0, 'sentiment_roll_10': 0.0}"
2026-05-21 17:08:36,0.0,NO TRADE,0.012574257910005871,"{'volatility': 0.0, 'sentiment_roll_5': -0.0, 'sentiment_roll_10': 0.0}"
2026-05-21 17:08:36,0.0,NO TRADE,0.012574257910005871,"{'volatility': 0.0, 'sentiment_roll_5': -0.0, 'sentiment_roll_10': 0.0}"
2026-05-21 17:08:37,0.0,NO TRADE,0.012574257910005871,"{'volatility': 0.0, 'sentiment_roll_5': -0.0, 'sentiment_roll_10': 0.0}"
2026-05-21 17:08:38,0.0,NO TRADE,0.012574257910005871,"{'volatility': 0.0, 'sentiment_roll_5': -0.0, 'sentiment_roll_10': 0.0}"
2026-05-21 17:08:39,0.0,NO TRADE,0.012574257910005871,"{'volatility': 0.0, 'sentiment_roll_5': -0.0, 'sentiment_roll_10': 0.0}"
2026-05-21 17:08:40,0.0,NO TRADE,0.012574257910005871,"{'volatility': 0.0, 'sentiment_roll_5': -0.0, 'sentiment_roll_10': 0.0}"
2026-05-21 17:08:40,0.0,NO TRADE,0.012574257910005871,"{'volatility': 0.0, 'sentiment_roll_5': -0.0, 'sentiment_roll_10': 0.0}"
2026-05-21 17:08:41,0.0,NO TRADE,0.012574257910005871,"{'volatility': 0.0, 'sentiment_roll_5': -0.0, 'sentiment_roll_10': 0.0}"
2026-05-21 17:09:20,0.0,NO TRADE,0.012574257910005871,"{'volatility': 0.0, 'sentiment_roll_5': -0.0, 'sentiment_roll_10': 0.0}"
2026-05-21 17:09:21,0.0,NO TRADE,0.012574257910005871,"{'volatility': 0.0, 'sentiment_roll_5': -0.0, 'sentiment_roll_10': 0.0}"
2026-05-21 17:09:22,0.0,NO TRADE,0.012574257910005871,"{'volatility': 0.0, 'sentiment_roll_5': -0.0, 'sentiment_roll_10': 0.0}"
2026-05-21 17:09:23,0.0,NO TRADE,0.012574257910005871,"{'volatility': 0.0, 'sentiment_roll_5': -0.0, 'sentiment_roll_10': 0.0}"
2026-05-21 17:09:24,0.0,NO TRADE,0.012574257910005871,"{'volatility': 0.0, 'sentiment_roll_5': -0.0, 'sentiment_roll_10': 0.0}"
2026-05-21 17:09:25,0.0,NO TRADE,0.012574257910005871,"{'volatility': 0.0, 'sentiment_roll_5': -0.0, 'sentiment_roll_10': 0.0}"
2026-05-21 17:09:25,0.0,NO TRADE,0.012574257910005871,"{'volatility': 0.0, 'sentiment_roll_5': -0.0, 'sentiment_roll_10': 0.0}"
2026-05-21 17:09:26,0.0,NO TRADE,0.012574257910005871,"{'volatility': 0.0, 'sentiment_roll_5': -0.0, 'sentiment_roll_10': 0.0}"
2026-05-21 17:09:27,0.0,NO TRADE,0.012574257910005871,"{'volatility': 0.0, 'sentiment_roll_5': -0.0, 'sentiment_roll_10': 0.0}"
2026-05-21 17:09:28,0.0,NO TRADE,0.012574257910005871,"{'volatility': 0.0, 'sentiment_roll_5': -0.0, 'sentiment_roll_10': 0.0}"
2026-05-21 17:09:29,0.0,NO TRADE,0.012574257910005871,"{'volatility': 0.0, 'sentiment_roll_5': -0.0, 'sentiment_roll_10': 0.0}"
2026-05-21 17:09:29,0.0,NO TRADE,0.012574257910005871,"{'volatility': 0.0, 'sentiment_roll_5': -0.0, 'sentiment_roll_10': 0.0}"
2026-05-21 17:09:30,0.0,NO TRADE,0.012574257910005871,"{'volatility': 0.0, 'sentiment_roll_5': -0.0, 'sentiment_roll_10': 0.0}"
2026-05-21 17:09:30,0.0,NO TRADE,0.012574257910005871,"{'volatility': 0.0, 'sentiment_roll_5': -0.0, 'sentiment_roll_10': 0.0}"
2026-05-21 17:09:31,0.0,NO TRADE,0.012574257910005871,"{'volatility': 0.0, 'sentiment_roll_5': -0.0, 'sentiment_roll_10': 0.0}"
2026-05-21 17:09:31,0.0,NO TRADE,0.012574257910005871,"{'volatility': 0.0, 'sentiment_roll_5': -0.0, 'sentiment_roll_10': 0.0}"
2026-05-21 17:09:31,0.0,NO TRADE,0.012574257910005871,"{'volatility': 0.0, 'sentiment_roll_5': -0.0, 'sentiment_roll_10': 0.0}"
2026-05-21 17:09:32,0.0,NO TRADE,0.012574257910005871,"{'volatility': 0.0, 'sentiment_roll_5': -0.0, 'sentiment_roll_10': 0.0}"
2026-05-21 17:09:32,0.0,NO TRADE,0.012574257910005871,"{'volatility': 0.0, 'sentiment_roll_5': -0.0, 'sentiment_roll_10': 0.0}"
2026-05-21 17:09:33,0.0,NO TRADE,0.012574257910005871,"{'volatility': 0.0, 'sentiment_roll_5': -0.0, 'sentiment_roll_10': 0.0}"
2026-05-21 17:09:33,0.0,NO TRADE,0.012574257910005871,"{'volatility': 0.0, 'sentiment_roll_5': -0.0, 'sentiment_roll_10': 0.0}"
2026-05-21 17:09:34,0.0,NO TRADE,0.012574257910005871,"{'volatility': 0.0, 'sentiment_roll_5': -0.0, 'sentiment_roll_10': 0.0}"
2026-05-21 17:09:34,0.0,NO TRADE,0.012574257910005871,"{'volatility': 0.0, 'sentiment_roll_5': -0.0, 'sentiment_roll_10': 0.0}"
2026-05-21 17:09:35,0.0,NO TRADE,0.012574257910005871,"{'volatility': 0.0, 'sentiment_roll_5': -0.0, 'sentiment_roll_10': 0.0}"
2026-05-21 17:09:35,0.0,NO TRADE,0.012574257910005871,"{'volatility': 0.0, 'sentiment_roll_5': -0.0, 'sentiment_roll_10': 0.0}"
2026-05-21 17:09:36,0.0,NO TRADE,0.012574257910005871,"{'volatility': 0.0, 'sentiment_roll_5': -0.0, 'sentiment_roll_10': 0.0}"
2026-05-21 17:09:36,0.0,NO TRADE,0.012574257910005871,"{'volatility': 0.0, 'sentiment_roll_5': -0.0, 'sentiment_roll_10': 0.0}"
2026-05-21 17:10:35,0.0,NO TRADE,0.012574257910005871,"{'volatility': 0.0, 'sentiment_roll_5': -0.0, 'sentiment_roll_10': 0.0}"
2026-05-21 17:10:35,0.0,NO TRADE,0.012574257910005871,"{'volatility': 0.0, 'sentiment_roll_5': -0.0, 'sentiment_roll_10': 0.0}"
2026-05-21 17:10:36,0.0,NO TRADE,0.012574257910005871,"{'volatility': 0.0, 'sentiment_roll_5': -0.0, 'sentiment_roll_10': 0.0}"
2026-05-21 17:10:37,0.0,NO TRADE,0.012574257910005871,"{'volatility': 0.0, 'sentiment_roll_5': -0.0, 'sentiment_roll_10': 0.0}"
2026-05-21 17:10:38,0.0,NO TRADE,0.012574257910005871,"{'volatility': 0.0, 'sentiment_roll_5': -0.0, 'sentiment_roll_10': 0.0}"
2026-05-21 17:10:39,0.0,NO TRADE,0.012574257910005871,"{'volatility': 0.0, 'sentiment_roll_5': -0.0, 'sentiment_roll_10': 0.0}"
2026-05-21 17:10:39,0.0,NO TRADE,0.012574257910005871,"{'volatility': 0.0, 'sentiment_roll_5': -0.0, 'sentiment_roll_10': 0.0}"
2026-05-21 17:10:40,0.0,NO TRADE,0.012574257910005871,"{'volatility': 0.0, 'sentiment_roll_5': -0.0, 'sentiment_roll_10': 0.0}"
2026-05-21 17:10:41,0.0,NO TRADE,0.012574257910005871,"{'volatility': 0.0, 'sentiment_roll_5': -0.0, 'sentiment_roll_10': 0.0}"
2026-05-21 17:10:42,0.0,NO TRADE,0.012574257910005871,"{'volatility': 0.0, 'sentiment_roll_5': -0.0, 'sentiment_roll_10': 0.0}"
2026-05-21 17:10:43,0.0,NO TRADE,0.012574257910005871,"{'volatility': 0.0, 'sentiment_roll_5': -0.0, 'sentiment_roll_10': 0.0}"
2026-05-21 17:10:43,0.0,NO TRADE,0.012574257910005871,"{'volatility': 0.0, 'sentiment_roll_5': -0.0, 'sentiment_roll_10': 0.0}"
2026-05-21 17:10:44,0.0,NO TRADE,0.012574257910005871,"{'volatility': 0.0, 'sentiment_roll_5': -0.0, 'sentiment_roll_10': 0.0}"
2026-05-21 17:10:44,0.0,NO TRADE,0.012574257910005871,"{'volatility': 0.0, 'sentiment_roll_5': -0.0, 'sentiment_roll_10': 0.0}"
2026-05-21 17:10:45,0.0,NO TRADE,0.012574257910005871,"{'volatility': 0.0, 'sentiment_roll_5': -0.0, 'sentiment_roll_10': 0.0}"
2026-05-21 17:10:45,0.0,NO TRADE,0.012574257910005871,"{'volatility': 0.0, 'sentiment_roll_5': -0.0, 'sentiment_roll_10': 0.0}"
2026-05-21 17:10:46,0.0,NO TRADE,0.012574257910005871,"{'volatility': 0.0, 'sentiment_roll_5': -0.0, 'sentiment_roll_10': 0.0}"
2026-05-21 17:10:46,0.0,NO TRADE,0.012574257910005871,"{'volatility': 0.0, 'sentiment_roll_5': -0.0, 'sentiment_roll_10': 0.0}"
2026-05-21 17:10:47,0.0,NO TRADE,0.012574257910005871,"{'volatility': 0.0, 'sentiment_roll_5': -0.0, 'sentiment_roll_10': 0.0}"
2026-05-21 17:10:47,0.0,NO TRADE,0.012574257910005871,"{'volatility': 0.0, 'sentiment_roll_5': -0.0, 'sentiment_roll_10': 0.0}"
2026-05-21 17:10:48,0.0,NO TRADE,0.012574257910005871,"{'volatility': 0.0, 'sentiment_roll_5': -0.0, 'sentiment_roll_10': 0.0}"
2026-05-21 17:10:48,0.0,NO TRADE,0.012574257910005871,"{'volatility': 0.0, 'sentiment_roll_5': -0.0, 'sentiment_roll_10': 0.0}"
2026-05-21 17:10:49,0.0,NO TRADE,0.012574257910005871,"{'volatility': 0.0, 'sentiment_roll_5': -0.0, 'sentiment_roll_10': 0.0}"
2026-05-21 17:10:49,0.0,NO TRADE,0.012574257910005871,"{'volatility': 0.0, 'sentiment_roll_5': -0.0, 'sentiment_roll_10': 0.0}"
2026-05-21 17:10:50,0.0,NO TRADE,0.012574257910005871,"{'volatility': 0.0, 'sentiment_roll_5': -0.0, 'sentiment_roll_10': 0.0}"
2026-05-21 17:10:50,0.0,NO TRADE,0.012574257910005871,"{'volatility': 0.0, 'sentiment_roll_5': -0.0, 'sentiment_roll_10': 0.0}"
2026-05-21 17:10:51,0.0,NO TRADE,0.012574257910005871,"{'volatility': 0.0, 'sentiment_roll_5': -0.0, 'sentiment_roll_10': 0.0}"
2026-05-21 17:11:53,0.0,NO TRADE,0.012574257910005871,"{'volatility': 0.0, 'sentiment_roll_5': -0.0, 'sentiment_roll_10': 0.0}"
2026-05-21 17:11:54,0.0,NO TRADE,0.012574257910005871,"{'volatility': 0.0, 'sentiment_roll_5': -0.0, 'sentiment_roll_10': 0.0}"
2026-05-21 17:11:55,0.0,NO TRADE,0.012574257910005871,"{'volatility': 0.0, 'sentiment_roll_5': -0.0, 'sentiment_roll_10': 0.0}"
2026-05-21 17:11:56,0.0,NO TRADE,0.012574257910005871,"{'volatility': 0.0, 'sentiment_roll_5': -0.0, 'sentiment_roll_10': 0.0}"
2026-05-21 17:11:57,0.0,NO TRADE,0.012574257910005871,"{'volatility': 0.0, 'sentiment_roll_5': -0.0, 'sentiment_roll_10': 0.0}"
2026-05-21 17:11:57,0.0,NO TRADE,0.012574257910005871,"{'volatility': 0.0, 'sentiment_roll_5': -0.0, 'sentiment_roll_10': 0.0}"
2026-05-21 17:11:58,0.0,NO TRADE,0.012574257910005871,"{'volatility': 0.0, 'sentiment_roll_5': -0.0, 'sentiment_roll_10': 0.0}"
2026-05-21 17:11:59,0.0,NO TRADE,0.012574257910005871,"{'volatility': 0.0, 'sentiment_roll_5': -0.0, 'sentiment_roll_10': 0.0}"
2026-05-21 17:12:00,0.0,NO TRADE,0.012574257910005871,"{'volatility': 0.0, 'sentiment_roll_5': -0.0, 'sentiment_roll_10': 0.0}"
2026-05-21 17:12:00,0.0,NO TRADE,0.012574257910005871,"{'volatility': 0.0, 'sentiment_roll_5': -0.0, 'sentiment_roll_10': 0.0}"
2026-05-21 17:12:01,0.0,NO TRADE,0.012574257910005871,"{'volatility': 0.0, 'sentiment_roll_5': -0.0, 'sentiment_roll_10': 0.0}"
2026-05-21 17:12:02,0.0,NO TRADE,0.012574257910005871,"{'volatility': 0.0, 'sentiment_roll_5': -0.0, 'sentiment_roll_10': 0.0}"
2026-05-21 17:12:02,0.0,NO TRADE,0.012574257910005871,"{'volatility': 0.0, 'sentiment_roll_5': -0.0, 'sentiment_roll_10': 0.0}"
2026-05-21 17:12:02,0.0,NO TRADE,0.012574257910005871,"{'volatility': 0.0, 'sentiment_roll_5': -0.0, 'sentiment_roll_10': 0.0}"
2026-05-21 17:12:03,0.0,NO TRADE,0.012574257910005871,"{'volatility': 0.0, 'sentiment_roll_5': -0.0, 'sentiment_roll_10': 0.0}"
2026-05-21 17:12:03,0.0,NO TRADE,0.012574257910005871,"{'volatility': 0.0, 'sentiment_roll_5': -0.0, 'sentiment_roll_10': 0.0}"
2026-05-21 17:12:04,0.0,NO TRADE,0.012574257910005871,"{'volatility': 0.0, 'sentiment_roll_5': -0.0, 'sentiment_roll_10': 0.0}"
2026-05-21 17:12:04,0.0,NO TRADE,0.012574257910005871,"{'volatility': 0.0, 'sentiment_roll_5': -0.0, 'sentiment_roll_10': 0.0}"
2026-05-21 17:12:05,0.0,NO TRADE,0.012574257910005871,"{'volatility': 0.0, 'sentiment_roll_5': -0.0, 'sentiment_roll_10': 0.0}"
2026-05-21 17:12:05,0.0,NO TRADE,0.012574257910005871,"{'volatility': 0.0, 'sentiment_roll_5': -0.0, 'sentiment_roll_10': 0.0}"
2026-05-21 17:12:06,0.0,NO TRADE,0.012574257910005871,"{'volatility': 0.0, 'sentiment_roll_5': -0.0, 'sentiment_roll_10': 0.0}"
2026-05-21 17:12:06,0.0,NO TRADE,0.012574257910005871,"{'volatility': 0.0, 'sentiment_roll_5': -0.0, 'sentiment_roll_10': 0.0}"
2026-05-21 17:12:06,0.0,NO TRADE,0.012574257910005871,"{'volatility': 0.0, 'sentiment_roll_5': -0.0, 'sentiment_roll_10': 0.0}"
2026-05-21 17:12:07,0.0,NO TRADE,0.012574257910005871,"{'volatility': 0.0, 'sentiment_roll_5': -0.0, 'sentiment_roll_10': 0.0}"
2026-05-21 17:12:07,0.0,NO TRADE,0.012574257910005871,"{'volatility': 0.0, 'sentiment_roll_5': -0.0, 'sentiment_roll_10': 0.0}"
2026-05-21 17:12:08,0.0,NO TRADE,0.012574257910005871,"{'volatility': 0.0, 'sentiment_roll_5': -0.0, 'sentiment_roll_10': 0.0}"
2026-05-21 17:12:08,0.0,NO TRADE,0.012574257910005871,"{'volatility': 0.0, 'sentiment_roll_5': -0.0, 'sentiment_roll_10': 0.0}"
2026-05-21 17:15:29,0.0,NO TRADE,0.012574257910005871,"{'volatility': 0.0, 'sentiment_roll_5': -0.0, 'sentiment_roll_10': 0.0}"
2026-05-21 17:15:29,0.0,NO TRADE,0.012574257910005871,"{'volatility': 0.0, 'sentiment_roll_5': -0.0, 'sentiment_roll_10': 0.0}"
2026-05-21 17:15:30,0.0,NO TRADE,0.012574257910005871,"{'volatility': 0.0, 'sentiment_roll_5': -0.0, 'sentiment_roll_10': 0.0}"
2026-05-21 17:15:31,0.0,NO TRADE,0.012574257910005871,"{'volatility': 0.0, 'sentiment_roll_5': -0.0, 'sentiment_roll_10': 0.0}"
2026-05-21 17:15:32,0.0,NO TRADE,0.012574257910005871,"{'volatility': 0.0, 'sentiment_roll_5': -0.0, 'sentiment_roll_10': 0.0}"
2026-05-21 17:15:33,0.0,NO TRADE,0.012574257910005871,"{'volatility': 0.0, 'sentiment_roll_5': -0.0, 'sentiment_roll_10': 0.0}"
2026-05-21 17:15:34,0.0,NO TRADE,0.012574257910005871,"{'volatility': 0.0, 'sentiment_roll_5': -0.0, 'sentiment_roll_10': 0.0}"
2026-05-21 17:15:34,0.0,NO TRADE,0.012574257910005871,"{'volatility': 0.0, 'sentiment_roll_5': -0.0, 'sentiment_roll_10': 0.0}"
2026-05-21 17:15:35,0.0,NO TRADE,0.012574257910005871,"{'volatility': 0.0, 'sentiment_roll_5': -0.0, 'sentiment_roll_10': 0.0}"
2026-05-21 17:15:36,0.0,NO TRADE,0.012574257910005871,"{'volatility': 0.0, 'sentiment_roll_5': -0.0, 'sentiment_roll_10': 0.0}"
2026-05-21 17:15:37,0.0,NO TRADE,0.012574257910005871,"{'volatility': 0.0, 'sentiment_roll_5': -0.0, 'sentiment_roll_10': 0.0}"
2026-05-21 17:15:37,0.0,NO TRADE,0.012574257910005871,"{'volatility': 0.0, 'sentiment_roll_5': -0.0, 'sentiment_roll_10': 0.0}"
2026-05-21 17:15:38,0.0,NO TRADE,0.012574257910005871,"{'volatility': 0.0, 'sentiment_roll_5': -0.0, 'sentiment_roll_10': 0.0}"
2026-05-21 17:15:38,0.0,NO TRADE,0.012574257910005871,"{'volatility': 0.0, 'sentiment_roll_5': -0.0, 'sentiment_roll_10': 0.0}"
2026-05-21 17:15:39,0.0,NO TRADE,0.012574257910005871,"{'volatility': 0.0, 'sentiment_roll_5': -0.0, 'sentiment_roll_10': 0.0}"
2026-05-21 17:15:39,0.0,NO TRADE,0.012574257910005871,"{'volatility': 0.0, 'sentiment_roll_5': -0.0, 'sentiment_roll_10': 0.0}"
2026-05-21 17:15:39,0.0,NO TRADE,0.012574257910005871,"{'volatility': 0.0, 'sentiment_roll_5': -0.0, 'sentiment_roll_10': 0.0}"
2026-05-21 17:15:40,0.0,NO TRADE,0.012574257910005871,"{'volatility': 0.0, 'sentiment_roll_5': -0.0, 'sentiment_roll_10': 0.0}"
2026-05-21 17:15:40,0.0,NO TRADE,0.012574257910005871,"{'volatility': 0.0, 'sentiment_roll_5': -0.0, 'sentiment_roll_10': 0.0}"
2026-05-21 17:15:41,0.0,NO TRADE,0.012574257910005871,"{'volatility': 0.0, 'sentiment_roll_5': -0.0, 'sentiment_roll_10': 0.0}"
2026-05-21 17:15:41,0.0,NO TRADE,0.012574257910005871,"{'volatility': 0.0, 'sentiment_roll_5': -0.0, 'sentiment_roll_10': 0.0}"
2026-05-21 17:15:42,0.0,NO TRADE,0.012574257910005871,"{'volatility': 0.0, 'sentiment_roll_5': -0.0, 'sentiment_roll_10': 0.0}"
2026-05-21 17:15:42,0.0,NO TRADE,0.012574257910005871,"{'volatility': 0.0, 'sentiment_roll_5': -0.0, 'sentiment_roll_10': 0.0}"
2026-05-21 17:15:43,0.0,NO TRADE,0.012574257910005871,"{'volatility': 0.0, 'sentiment_roll_5': -0.0, 'sentiment_roll_10': 0.0}"
2026-05-21 17:15:43,0.0,NO TRADE,0.012574257910005871,"{'volatility': 0.0, 'sentiment_roll_5': -0.0, 'sentiment_roll_10': 0.0}"
2026-05-21 17:15:44,0.0,NO TRADE,0.012574257910005871,"{'volatility': 0.0, 'sentiment_roll_5': -0.0, 'sentiment_roll_10': 0.0}"
2026-05-21 17:15:44,0.0,NO TRADE,0.012574257910005871,"{'volatility': 0.0, 'sentiment_roll_5': -0.0, 'sentiment_roll_10': 0.0}"
2026-05-26 13:18:52,0.5582291483879089,NO TRADE,0.004400990268502054,{}
2026-05-26 13:33:03,0.0,NO TRADE,0.004400990268502054,{}
2026-05-26 13:33:04,0.5582291483879089,NO TRADE,0.004400990268502054,{}
2026-06-01 21:07:45,0.5582291483879089,NO TRADE,0.0012322772751805753,{}
2026-06-03 02:16:09,0.6666666865348816,NO TRADE,-0.026634582500314176,{}
