date,http_code,exception,retry_count,final_outcome
2025-08-27,429,,5,Exhausted
2025-08-30,429,,5,Exhausted
2025-09-01,429,,5,Exhausted
2025-09-05,429,,5,Exhausted
2025-09-07,429,,5,Exhausted
2025-09-08,429,,5,Exhausted
2025-09-11,429,,5,Exhausted
2025-09-12,429,,5,Exhausted
2025-09-14,429,,5,Exhausted
2025-09-23,429,,5,Exhausted
2025-09-26,429,,5,Exhausted
2025-09-28,429,,5,Exhausted
2025-09-29,429,,5,Exhausted
2025-10-02,429,,5,Exhausted
2025-10-05,429,,5,Exhausted
2025-10-08,429,,5,Exhausted
2025-10-10,429,,5,Exhausted
2025-10-11,429,,5,Exhausted
2025-10-14,429,,5,Exhausted
2025-10-15,429,,5,Exhausted
2025-10-16,429,,5,Exhausted
