timestamp,execution_uuid,latency_sec,success
2026-06-02T23:07:25.588442,a36b1679-87df-467f-97cb-2cd5e35d08bb,13.042044639587402,False
2026-06-02T23:08:39.808329,5ecfc89f-d0c0-4c3c-aed3-776a3635dcf0,8.273193597793579,False
2026-06-02T23:21:17.648704,f199b98a-3064-4bb6-97ad-2f92e0dea825,11.36091136932373,False
2026-06-02T23:25:40.520336,70d43abf-8aab-4170-a0fd-fe24cc99da41,17.197210550308228,False
2026-06-02T23:26:15.110194,d4eda084-976b-48f1-954e-01b2e837817b,9.695127487182617,False
2026-06-02T23:27:01.812299,7cb2282a-9c21-4dd6-ade6-34bcbdd6d31c,20.20898175239563,False
2026-06-02T23:28:55.446370,3be13c23-ba44-4f39-b2e8-8deb0f19504c,15.337668895721436,False
2026-06-02T23:37:45.174886,03eb6f89-dc52-4e2a-b2c2-ba893a33d18a,32.21874022483826,True
2026-06-02T23:51:08.702597,6603fb3a-8209-4497-b831-f5b06d589a7d,22.741978406906128,False
2026-06-03T00:06:00.133837,f33628f5-299c-4282-ad1f-99d331176f64,30.03087091445923,False
2026-06-03T01:13:36.626890,5a1c1ebf-1fcd-4880-8a81-2806165e8911,166.6098268032074,True
2026-06-03T01:56:30.170197,498ba045-4c61-48a3-ad2d-a8d49d4e1d5f,12.94094967842102,True
2026-06-03T02:01:43.200477,755b3dff-e786-4f21-a8a2-8b3e13a8c89b,52.573890924453735,True
2026-06-03T02:05:54.221140,045d264f-9f59-4ef7-9ed6-1d2e82c28188,28.089409828186035,True
2026-06-24T01:36:19.588230,d9a22423-d34f-4476-8793-eb53cd9e282a,22.275871753692627,False
2026-07-06T12:36:41.160240,4c30471f-e536-4782-b821-04aca6406ada,42.579450607299805,False
2026-07-06T12:36:41.936653,6e6e9f27-7b44-4e8b-94f6-7138d3974f9a,43.35585165023804,False
2026-07-06T12:36:53.261407,f0340c3d-777a-48af-948c-93ab1e80e43d,54.68088507652283,False
2026-07-06T13:22:53.920309,bcfaff28-ebf6-46d6-8ff8-b5d5b213f9c9,51.37448072433472,True
2026-07-06T13:23:03.110061,5b6bf10f-ed63-44f3-bb1f-17048150cc03,26.551427841186523,True
2026-07-06T14:12:37.484141,83c08ccd-066a-4df5-b954-fae0190dd9f6,35.777273654937744,True
2026-07-06T14:55:48.313281,9116ae2c-9eb6-4dfc-b361-eedb8d535b36,16.820392847061157,True
2026-07-06T14:56:10.644518,f0c77a49-63dd-436c-b033-5bb7320e9517,16.17930841445923,False
2026-07-06T14:59:16.833746,fba52b18-b624-4d51-afda-d51f2a97fa7c,46.59083437919617,True
2026-07-06T14:59:45.651127,4f570c51-03b3-4d63-ae4f-8c52f284513b,22.61864972114563,False
2026-07-06T15:21:45.711394,dbfabc24-d21c-40ee-bffe-f81f7ca4a901,54.00207781791687,True
2026-07-06T15:42:06.210854,39ac01a9-bc63-4197-931f-5334e43b4c94,47.16368651390076,True
2026-07-06T15:55:33.203265,5b49f312-2125-4def-a3ec-cc3446a97509,49.98948073387146,True
2026-07-06T15:59:25.888198,9c5d71a4-df5f-4c35-9628-b239ea29f8b7,16.705906629562378,True
2026-07-06T16:13:48.566612,8835bad3-e865-480f-8636-a77b6b035601,24.3211669921875,True
2026-07-06T16:39:24.496220,ffbb7d70-c935-4f29-ae64-bfe4a9bba9ff,39.527687549591064,True
2026-07-06T16:47:58.886573,a6b6211a-c8ef-40e5-8b73-86e5db3b7ff9,51.23130130767822,True
2026-07-06T17:16:45.296969,1b0ab844-61a4-4db1-a22e-c9792d716784,50.718143939971924,True
2026-07-06T17:24:01.894639,6b53ac47-bc2d-4883-ae82-4929b2cc2529,55.3607234954834,True
2026-07-06T17:32:38.624069,aee03b86-5f18-41a3-bf55-edae4b7e9cb2,38.26708364486694,True
