timestamp,prediction,signal,confidence,features_json
2026-04-21 21:25:50,0.0,HOLD,0.0,{}
2026-04-25 18:13:57,0.0038103652,LONG,4.3911214,"{""close"":4768.0,""return"":0.0022172336,""volatility"":0.0117126022,""sentiment_mean"":0.7736316081,""sentiment_std"":0.0,""article_count"":1.0,""sentiment_t"":0.7736316081,""sentiment_t-1"":0.7709421795,""sentiment_t-2"":0.7613089122,""sentiment_roll_3"":0.7686275666,""sentiment_roll_7"":0.7685813851,""sentiment_volatility_7d"":0.0089970944,""sentiment_momentum"":0.0026894286,""sentiment_acceleration"":-0.0069438387,""extreme_sentiment"":1.0,""volume_shock"":1.0,""return_t-1"":0.0060657336,""return_t-2"":-0.0016776986,""sentiment_x_volatility"":0.0090612393,""sentiment_x_lag_return"":0.0046926433}"
2026-04-25 18:14:25,0.0038103652,LONG,4.3911214,"{""close"":4768.0,""return"":0.0022172336,""volatility"":0.0117126022,""sentiment_mean"":0.7736316081,""sentiment_std"":0.0,""article_count"":1.0,""sentiment_t"":0.7736316081,""sentiment_t-1"":0.7709421795,""sentiment_t-2"":0.7613089122,""sentiment_roll_3"":0.7686275666,""sentiment_roll_7"":0.7685813851,""sentiment_volatility_7d"":0.0089970944,""sentiment_momentum"":0.0026894286,""sentiment_acceleration"":-0.0069438387,""extreme_sentiment"":1.0,""volume_shock"":1.0,""return_t-1"":0.0060657336,""return_t-2"":-0.0016776986,""sentiment_x_volatility"":0.0090612393,""sentiment_x_lag_return"":0.0046926433}"
2026-04-25 18:17:03,0.0038103652,LONG,4.3911214,"{""close"":4768.0,""return"":0.0022172336,""volatility"":0.0117126022,""sentiment_mean"":0.7736316081,""sentiment_std"":0.0,""article_count"":1.0,""sentiment_t"":0.7736316081,""sentiment_t-1"":0.7709421795,""sentiment_t-2"":0.7613089122,""sentiment_roll_3"":0.7686275666,""sentiment_roll_7"":0.7685813851,""sentiment_volatility_7d"":0.0089970944,""sentiment_momentum"":0.0026894286,""sentiment_acceleration"":-0.0069438387,""extreme_sentiment"":1.0,""volume_shock"":1.0,""return_t-1"":0.0060657336,""return_t-2"":-0.0016776986,""sentiment_x_volatility"":0.0090612393,""sentiment_x_lag_return"":0.0046926433}"
2026-04-25 18:17:37,0.0038103652,LONG,4.3911214,"{""close"":4768.0,""return"":0.0022172336,""volatility"":0.0117126022,""sentiment_mean"":0.7736316081,""sentiment_std"":0.0,""article_count"":1.0,""sentiment_t"":0.7736316081,""sentiment_t-1"":0.7709421795,""sentiment_t-2"":0.7613089122,""sentiment_roll_3"":0.7686275666,""sentiment_roll_7"":0.7685813851,""sentiment_volatility_7d"":0.0089970944,""sentiment_momentum"":0.0026894286,""sentiment_acceleration"":-0.0069438387,""extreme_sentiment"":1.0,""volume_shock"":1.0,""return_t-1"":0.0060657336,""return_t-2"":-0.0016776986,""sentiment_x_volatility"":0.0090612393,""sentiment_x_lag_return"":0.0046926433}"
2026-04-25 18:18:10,0.0038103652,LONG,4.3911214,"{""close"":4768.0,""return"":0.0022172336,""volatility"":0.0117126022,""sentiment_mean"":0.7736316081,""sentiment_std"":0.0,""article_count"":1.0,""sentiment_t"":0.7736316081,""sentiment_t-1"":0.7709421795,""sentiment_t-2"":0.7613089122,""sentiment_roll_3"":0.7686275666,""sentiment_roll_7"":0.7685813851,""sentiment_volatility_7d"":0.0089970944,""sentiment_momentum"":0.0026894286,""sentiment_acceleration"":-0.0069438387,""extreme_sentiment"":1.0,""volume_shock"":1.0,""return_t-1"":0.0060657336,""return_t-2"":-0.0016776986,""sentiment_x_volatility"":0.0090612393,""sentiment_x_lag_return"":0.0046926433}"
2026-04-25 18:19:41,0.0038103652,LONG,4.3911214,"{""close"":4768.0,""return"":0.0022172336,""volatility"":0.0117126022,""sentiment_mean"":0.7736316081,""sentiment_std"":0.0,""article_count"":1.0,""sentiment_t"":0.7736316081,""sentiment_t-1"":0.7709421795,""sentiment_t-2"":0.7613089122,""sentiment_roll_3"":0.7686275666,""sentiment_roll_7"":0.7685813851,""sentiment_volatility_7d"":0.0089970944,""sentiment_momentum"":0.0026894286,""sentiment_acceleration"":-0.0069438387,""extreme_sentiment"":1.0,""volume_shock"":1.0,""return_t-1"":0.0060657336,""return_t-2"":-0.0016776986,""sentiment_x_volatility"":0.0090612393,""sentiment_x_lag_return"":0.0046926433}"
2026-04-25 18:20:55,0.0038103652,LONG,4.3911214,"{""close"":4768.0,""return"":0.0022172336,""volatility"":0.0117126022,""sentiment_mean"":0.7736316081,""sentiment_std"":0.0,""article_count"":1.0,""sentiment_t"":0.7736316081,""sentiment_t-1"":0.7709421795,""sentiment_t-2"":0.7613089122,""sentiment_roll_3"":0.7686275666,""sentiment_roll_7"":0.7685813851,""sentiment_volatility_7d"":0.0089970944,""sentiment_momentum"":0.0026894286,""sentiment_acceleration"":-0.0069438387,""extreme_sentiment"":1.0,""volume_shock"":1.0,""return_t-1"":0.0060657336,""return_t-2"":-0.0016776986,""sentiment_x_volatility"":0.0090612393,""sentiment_x_lag_return"":0.0046926433}"
2026-04-25 18:24:40,0.0038103652,LONG,4.3911214,"{""close"":4768.0,""return"":0.0022172336,""volatility"":0.0117126022,""sentiment_mean"":0.7736316081,""sentiment_std"":0.0,""article_count"":1.0,""sentiment_t"":0.7736316081,""sentiment_t-1"":0.7709421795,""sentiment_t-2"":0.7613089122,""sentiment_roll_3"":0.7686275666,""sentiment_roll_7"":0.7685813851,""sentiment_volatility_7d"":0.0089970944,""sentiment_momentum"":0.0026894286,""sentiment_acceleration"":-0.0069438387,""extreme_sentiment"":1.0,""volume_shock"":1.0,""return_t-1"":0.0060657336,""return_t-2"":-0.0016776986,""sentiment_x_volatility"":0.0090612393,""sentiment_x_lag_return"":0.0046926433}"
2026-04-25 18:34:24,0.0038103652,LONG,4.3911214,"{""close"":4768.0,""return"":0.0022172336,""volatility"":0.0117126022,""sentiment_mean"":0.7736316081,""sentiment_std"":0.0,""article_count"":1.0,""sentiment_t"":0.7736316081,""sentiment_t-1"":0.7709421795,""sentiment_t-2"":0.7613089122,""sentiment_roll_3"":0.7686275666,""sentiment_roll_7"":0.7685813851,""sentiment_volatility_7d"":0.0089970944,""sentiment_momentum"":0.0026894286,""sentiment_acceleration"":-0.0069438387,""extreme_sentiment"":1.0,""volume_shock"":1.0,""return_t-1"":0.0060657336,""return_t-2"":-0.0016776986,""sentiment_x_volatility"":0.0090612393,""sentiment_x_lag_return"":0.0046926433}"
2026-04-25 19:11:20,0.81708694,LONG,100.0,"{""close"":4768.0,""return"":0.0022172336,""volatility"":0.0117126022,""sentiment_mean"":0.7736316081,""sentiment_std"":0.0,""article_count"":1.0,""sentiment_t"":0.7736316081,""sentiment_t-1"":0.7709421795,""sentiment_t-2"":0.7613089122,""sentiment_roll_5"":0.770768581,""sentiment_roll_10"":0.7730007991,""return_t-1"":0.0060657336,""return_t-2"":-0.0016776986,""momentum"":153.0719482422,""sentiment_x_volatility"":0.0090277058,""regime"":0.0}"
2026-04-25 19:13:26,0.81708694,LONG,100.0,"{""close"":4768.0,""return"":0.0022172336,""volatility"":0.0117126022,""sentiment_mean"":0.7736316081,""sentiment_std"":0.0,""article_count"":1.0,""sentiment_t"":0.7736316081,""sentiment_t-1"":0.7709421795,""sentiment_t-2"":0.7613089122,""sentiment_roll_5"":0.770768581,""sentiment_roll_10"":0.7730007991,""return_t-1"":0.0060657336,""return_t-2"":-0.0016776986,""momentum"":153.0719482422,""sentiment_x_volatility"":0.0090277058,""regime"":0.0}"
2026-04-25 20:24:42,0.009570214211919047,HOLD,5.514396994855171,"{""close"":1.6811026353,""return"":0.0122010652,""volatility"":-0.8729556109,""sentiment_mean"":0.5040955371,""sentiment_std"":0.0,""article_count"":0.0,""sentiment_t"":0.5040955371,""sentiment_t-1"":0.4139079904,""sentiment_t-2"":0.0412769951,""sentiment_roll_5"":0.8217798818,""sentiment_roll_10"":1.722941985,""return_t-1"":0.3131974377,""return_t-2"":-0.1686568409,""momentum"":1.687685189,""sentiment_x_volatility"":-0.7031995041,""regime"":0.0}"
2026-04-25 20:26:49,0.009570214211919047,HOLD,5.514396994855171,"{""close"":1.6811026353,""return"":0.0122010652,""volatility"":-0.8729556109,""sentiment_mean"":0.5040955371,""sentiment_std"":0.0,""article_count"":0.0,""sentiment_t"":0.5040955371,""sentiment_t-1"":0.4139079904,""sentiment_t-2"":0.0412769951,""sentiment_roll_5"":0.8217798818,""sentiment_roll_10"":1.722941985,""return_t-1"":0.3131974377,""return_t-2"":-0.1686568409,""momentum"":1.687685189,""sentiment_x_volatility"":-0.7031995041,""regime"":0.0}"
2026-04-25 20:28:38,0.009570214211919047,HOLD,5.514396994855171,"{""close"":1.6811026353,""return"":0.0122010652,""volatility"":-0.8729556109,""sentiment_mean"":0.5040955371,""sentiment_std"":0.0,""article_count"":0.0,""sentiment_t"":0.5040955371,""sentiment_t-1"":0.4139079904,""sentiment_t-2"":0.0412769951,""sentiment_roll_5"":0.8217798818,""sentiment_roll_10"":1.722941985,""return_t-1"":0.3131974377,""return_t-2"":-0.1686568409,""momentum"":1.687685189,""sentiment_x_volatility"":-0.7031995041,""regime"":0.0}"
2026-04-25 20:43:30,0.0,HOLD,15.0,"{""close"":1.6811026353,""return"":0.0122010652,""volatility"":-0.8729556109,""sentiment_mean"":0.5040955371,""sentiment_std"":0.0,""article_count"":0.0,""sentiment_t"":0.5040955371,""sentiment_t-1"":0.4139079904,""sentiment_t-2"":0.0412769951,""sentiment_roll_5"":0.8217798818,""sentiment_roll_10"":1.722941985,""return_t-1"":0.3131974377,""return_t-2"":-0.1686568409,""momentum"":1.687685189,""sentiment_x_volatility"":-0.7031995041,""regime"":0.0}"
2026-04-25 20:44:26,0.0,HOLD,15.0,"{""close"":1.6811026353,""return"":0.0122010652,""volatility"":-0.8729556109,""sentiment_mean"":0.5040955371,""sentiment_std"":0.0,""article_count"":0.0,""sentiment_t"":0.5040955371,""sentiment_t-1"":0.4139079904,""sentiment_t-2"":0.0412769951,""sentiment_roll_5"":0.8217798818,""sentiment_roll_10"":1.722941985,""return_t-1"":0.3131974377,""return_t-2"":-0.1686568409,""momentum"":1.687685189,""sentiment_x_volatility"":-0.7031995041,""regime"":0.0}"
2026-04-25 20:48:07,0.0,HOLD,15.0,"{""close"":1.6811026353,""return"":0.0122010652,""volatility"":-0.8729556109,""sentiment_mean"":0.5040955371,""sentiment_std"":0.0,""article_count"":0.0,""sentiment_t"":0.5040955371,""sentiment_t-1"":0.4139079904,""sentiment_t-2"":0.0412769951,""sentiment_roll_5"":0.8217798818,""sentiment_roll_10"":1.722941985,""return_t-1"":0.3131974377,""return_t-2"":-0.1686568409,""momentum"":1.687685189,""sentiment_x_volatility"":-0.7031995041,""regime"":0.0}"
2026-04-25 20:48:27,0.0,HOLD,15.0,"{""close"":1.6811026353,""return"":0.0122010652,""volatility"":-0.8729556109,""sentiment_mean"":0.5040955371,""sentiment_std"":0.0,""article_count"":0.0,""sentiment_t"":0.5040955371,""sentiment_t-1"":0.4139079904,""sentiment_t-2"":0.0412769951,""sentiment_roll_5"":0.8217798818,""sentiment_roll_10"":1.722941985,""return_t-1"":0.3131974377,""return_t-2"":-0.1686568409,""momentum"":1.687685189,""sentiment_x_volatility"":-0.7031995041,""regime"":0.0}"
2026-04-25 20:49:39,0.0,HOLD,15.0,"{""close"":1.6811026353,""return"":0.0122010652,""volatility"":-0.8729556109,""sentiment_mean"":0.5040955371,""sentiment_std"":0.0,""article_count"":0.0,""sentiment_t"":0.5040955371,""sentiment_t-1"":0.4139079904,""sentiment_t-2"":0.0412769951,""sentiment_roll_5"":0.8217798818,""sentiment_roll_10"":1.722941985,""return_t-1"":0.3131974377,""return_t-2"":-0.1686568409,""momentum"":1.687685189,""sentiment_x_volatility"":-0.7031995041,""regime"":0.0}"
2026-04-25 20:50:17,0.0,HOLD,15.0,"{""close"":1.6811026353,""return"":0.0122010652,""volatility"":-0.8729556109,""sentiment_mean"":0.5040955371,""sentiment_std"":0.0,""article_count"":0.0,""sentiment_t"":0.5040955371,""sentiment_t-1"":0.4139079904,""sentiment_t-2"":0.0412769951,""sentiment_roll_5"":0.8217798818,""sentiment_roll_10"":1.722941985,""return_t-1"":0.3131974377,""return_t-2"":-0.1686568409,""momentum"":1.687685189,""sentiment_x_volatility"":-0.7031995041,""regime"":0.0}"
2026-04-25 22:34:29,0.008224286905903417,HOLD,15.0,"{""close"":1.7292799737,""return"":-0.4758582512,""volatility"":-1.6454256221,""sentiment_mean"":0.1740873908,""sentiment_std"":-0.4919796546,""article_count"":-0.4919796546,""sentiment_t"":0.1740873908,""sentiment_t-1"":0.0549215812,""sentiment_t-2"":-0.4374399015,""sentiment_roll_5"":0.5938472524,""sentiment_roll_10"":1.7845627722,""return_t-1"":-0.0781483932,""return_t-2"":-0.7148278161,""momentum"":1.7379775751,""sentiment_x_volatility"":-1.4211249883,""regime"":-0.4919796546}"
2026-04-25 22:35:22,0.008224286905903417,HOLD,15.0,"{""close"":1.7292799737,""return"":-0.4758582512,""volatility"":-1.6454256221,""sentiment_mean"":0.1740873908,""sentiment_std"":-0.4919796546,""article_count"":-0.4919796546,""sentiment_t"":0.1740873908,""sentiment_t-1"":0.0549215812,""sentiment_t-2"":-0.4374399015,""sentiment_roll_5"":0.5938472524,""sentiment_roll_10"":1.7845627722,""return_t-1"":-0.0781483932,""return_t-2"":-0.7148278161,""momentum"":1.7379775751,""sentiment_x_volatility"":-1.4211249883,""regime"":-0.4919796546}"
2026-04-25 22:52:28,0.007164533,NO TRADE,0.5278421,"{""close"":1.5497770066,""return"":-0.453395596,""volatility"":-1.383103634,""sentiment_mean"":0.1957025871,""sentiment_std"":-0.2972340399,""article_count"":-0.2972340399,""sentiment_roll_5"":0.5656966978,""sentiment_roll_10"":1.5818944358,""sentiment_zscore"":-0.2638675815,""momentum"":1.5277203892,""momentum_acceleration"":-1.2363955595,""sentiment_x_volatility"":-1.1923266258,""regime_dummy"":-0.2972340399}"
2026-04-25 22:52:52,0.007164533,NO TRADE,0.5278421,"{""close"":1.5497770066,""return"":-0.453395596,""volatility"":-1.383103634,""sentiment_mean"":0.1957025871,""sentiment_std"":-0.2972340399,""article_count"":-0.2972340399,""sentiment_roll_5"":0.5656966978,""sentiment_roll_10"":1.5818944358,""sentiment_zscore"":-0.2638675815,""momentum"":1.5277203892,""momentum_acceleration"":-1.2363955595,""sentiment_x_volatility"":-1.1923266258,""regime_dummy"":-0.2972340399}"
2026-05-11 17:36:22,0.0,NO TRADE,0.0,{}
2026-05-11 17:37:15,0.0,NO TRADE,0.0,{}
2026-05-11 17:40:10,0.0,NO TRADE,0.0,{}
2026-05-11 17:40:57,0.0,NO TRADE,0.0,{}
2026-05-11 17:42:13,0.0,NO TRADE,0.0,{}
2026-05-11 17:56:57,0.0,NO TRADE,0.0,{}
2026-05-11 17:57:34,0.0,NO TRADE,0.0,{}
2026-05-11 17:58:58,0.0,NO TRADE,0.6466666460037231,"{""volatility"":0.3369774992,""sentiment_roll_5"":-0.3377405373,""sentiment_roll_10"":1.560501205,""sentiment_zscore"":-1.0178762292,""sentiment_momentum"":-0.5778818255,""sentiment_volatility"":0.2896972041,""momentum"":1.7157711846,""momentum_acceleration"":-0.9826397928,""sentiment_zscore_x_volatility"":-0.9868087082}"
2026-05-11 17:59:24,0.0,NO TRADE,0.6466666460037231,"{""volatility"":0.3369774992,""sentiment_roll_5"":-0.3377405373,""sentiment_roll_10"":1.560501205,""sentiment_zscore"":-1.0178762292,""sentiment_momentum"":-0.5778818255,""sentiment_volatility"":0.2896972041,""momentum"":1.7157711846,""momentum_acceleration"":-0.9826397928,""sentiment_zscore_x_volatility"":-0.9868087082}"
2026-05-15 14:30:23,0.0,NO TRADE,0.6466666460037231,"{""volatility"":0.3369774992,""sentiment_roll_5"":-0.3377405373,""sentiment_roll_10"":1.560501205,""sentiment_zscore"":-1.0178762292,""sentiment_momentum"":-0.5778818255,""sentiment_volatility"":0.2896972041,""momentum"":1.7157711846,""momentum_acceleration"":-0.9826397928,""sentiment_zscore_x_volatility"":-0.9868087082}"
2026-05-15 14:32:44,0.0,NO TRADE,0.6466666460037231,"{""volatility"":0.3369774992,""sentiment_roll_5"":-0.3377405373,""sentiment_roll_10"":1.560501205,""sentiment_zscore"":-1.0178762292,""sentiment_momentum"":-0.5778818255,""sentiment_volatility"":0.2896972041,""momentum"":1.7157711846,""momentum_acceleration"":-0.9826397928,""sentiment_zscore_x_volatility"":-0.9868087082}"
2026-05-15 14:47:52,0.0,NO TRADE,0.6466666460037231,"{""volatility"":0.3369774992,""sentiment_roll_5"":-0.3377405373,""sentiment_roll_10"":1.560501205,""sentiment_zscore"":-1.0178762292,""sentiment_momentum"":-0.5778818255,""sentiment_volatility"":0.2896972041,""momentum"":1.7157711846,""momentum_acceleration"":-0.9826397928,""sentiment_zscore_x_volatility"":-0.9868087082}"
2026-05-15 14:49:24,0.0,LONG,0.6466666460037231,"{""volatility"":0.3369774992,""sentiment_roll_5"":-0.3377405373,""sentiment_roll_10"":1.560501205,""sentiment_zscore"":-1.0178762292,""sentiment_momentum"":-0.5778818255,""sentiment_volatility"":0.2896972041,""momentum"":1.7157711846,""momentum_acceleration"":-0.9826397928,""sentiment_zscore_x_volatility"":-0.9868087082}"
2026-05-21 15:35:36,0.0,NO TRADE,0.6466666460037231,"{""volatility"":0.3369774992,""sentiment_roll_5"":-0.3377405373,""sentiment_roll_10"":1.560501205,""sentiment_zscore"":-1.0178762292,""sentiment_momentum"":-0.5778818255,""sentiment_volatility"":0.2896972041,""momentum"":1.7157711846,""momentum_acceleration"":-0.9826397928,""sentiment_zscore_x_volatility"":-0.9868087082}"
2026-05-21 15:41:01,0.0,NO TRADE,0.6466666460037231,"{""volatility"":0.3369774992,""sentiment_roll_5"":-0.3377405373,""sentiment_roll_10"":1.560501205,""sentiment_zscore"":-1.0178762292,""sentiment_momentum"":-0.5778818255,""sentiment_volatility"":0.2896972041,""momentum"":1.7157711846,""momentum_acceleration"":-0.9826397928,""sentiment_zscore_x_volatility"":-0.9868087082}"
2026-05-21 15:42:15,0.0,NO TRADE,0.6466666460037231,"{""volatility"":0.3369774992,""sentiment_roll_5"":-0.3377405373,""sentiment_roll_10"":1.560501205,""sentiment_zscore"":-1.0178762292,""sentiment_momentum"":-0.5778818255,""sentiment_volatility"":0.2896972041,""momentum"":1.7157711846,""momentum_acceleration"":-0.9826397928,""sentiment_zscore_x_volatility"":-0.9868087082}"
2026-05-21 15:43:27,0.0,LONG,0.6466666460037231,"{""volatility"":0.3369774992,""sentiment_roll_5"":-0.3377405373,""sentiment_roll_10"":1.560501205,""sentiment_zscore"":-1.0178762292,""sentiment_momentum"":-0.5778818255,""sentiment_volatility"":0.2896972041,""momentum"":1.7157711846,""momentum_acceleration"":-0.9826397928,""sentiment_zscore_x_volatility"":-0.9868087082}"
2026-05-21 15:47:17,0.0,LONG,0.6466666460037231,"{""volatility"":0.3369774992,""sentiment_roll_5"":-0.3377405373,""sentiment_roll_10"":1.560501205,""sentiment_zscore"":-1.0178762292,""sentiment_momentum"":-0.5778818255,""sentiment_volatility"":0.2896972041,""momentum"":1.7157711846,""momentum_acceleration"":-0.9826397928,""sentiment_zscore_x_volatility"":-0.9868087082}"
2026-05-21 15:48:52,0.0,LONG,0.6466666460037231,"{""volatility"":0.3369774992,""sentiment_roll_5"":-0.3377405373,""sentiment_roll_10"":1.560501205,""sentiment_zscore"":-1.0178762292,""sentiment_momentum"":-0.5778818255,""sentiment_volatility"":0.2896972041,""momentum"":1.7157711846,""momentum_acceleration"":-0.9826397928,""sentiment_zscore_x_volatility"":-0.9868087082}"
2026-05-21 16:28:23,0.0,NO TRADE,0.6466666460037231,"{""volatility"":0.3369774992,""sentiment_roll_5"":-0.3377405373,""sentiment_roll_10"":1.560501205,""sentiment_zscore"":-1.0178762292,""sentiment_momentum"":-0.5778818255,""sentiment_volatility"":0.2896972041,""momentum"":1.7157711846,""momentum_acceleration"":-0.9826397928,""sentiment_zscore_x_volatility"":-0.9868087082}"
2026-05-21 16:58:48,0.0,NO TRADE,0.6466666460037231,"{""volatility"":0.3369774992,""sentiment_roll_5"":-0.3377405373,""sentiment_roll_10"":1.560501205,""sentiment_zscore"":-1.0178762292,""sentiment_momentum"":-0.5778818255,""sentiment_volatility"":0.2896972041,""momentum"":1.7157711846,""momentum_acceleration"":-0.9826397928,""sentiment_zscore_x_volatility"":-0.9868087082}"
2026-05-21 16:59:23,0.0,NO TRADE,0.6466666460037231,"{""volatility"":0.3369774992,""sentiment_roll_5"":-0.3377405373,""sentiment_roll_10"":1.560501205,""sentiment_zscore"":-1.0178762292,""sentiment_momentum"":-0.5778818255,""sentiment_volatility"":0.2896972041,""momentum"":1.7157711846,""momentum_acceleration"":-0.9826397928,""sentiment_zscore_x_volatility"":-0.9868087082}"
2026-05-21 17:00:00,0.0,NO TRADE,0.6466666460037231,"{""volatility"":0.3369774992,""sentiment_roll_5"":-0.3377405373,""sentiment_roll_10"":1.560501205,""sentiment_zscore"":-1.0178762292,""sentiment_momentum"":-0.5778818255,""sentiment_volatility"":0.2896972041,""momentum"":1.7157711846,""momentum_acceleration"":-0.9826397928,""sentiment_zscore_x_volatility"":-0.9868087082}"
2026-05-21 17:00:01,0.0,NO TRADE,0.6466666460037231,"{""volatility"":0.3369774992,""sentiment_roll_5"":-0.3377405373,""sentiment_roll_10"":1.560501205,""sentiment_zscore"":-1.0178762292,""sentiment_momentum"":-0.5778818255,""sentiment_volatility"":0.2896972041,""momentum"":1.7157711846,""momentum_acceleration"":-0.9826397928,""sentiment_zscore_x_volatility"":-0.9868087082}"
2026-05-21 17:00:35,0.0,NO TRADE,0.6466666460037231,"{""volatility"":0.3369774992,""sentiment_roll_5"":-0.3377405373,""sentiment_roll_10"":1.560501205,""sentiment_zscore"":-1.0178762292,""sentiment_momentum"":-0.5778818255,""sentiment_volatility"":0.2896972041,""momentum"":1.7157711846,""momentum_acceleration"":-0.9826397928,""sentiment_zscore_x_volatility"":-0.9868087082}"
2026-05-21 17:00:36,0.0,NO TRADE,0.6466666460037231,"{""volatility"":0.3369774992,""sentiment_roll_5"":-0.3377405373,""sentiment_roll_10"":1.560501205,""sentiment_zscore"":-1.0178762292,""sentiment_momentum"":-0.5778818255,""sentiment_volatility"":0.2896972041,""momentum"":1.7157711846,""momentum_acceleration"":-0.9826397928,""sentiment_zscore_x_volatility"":-0.9868087082}"
2026-05-21 17:00:37,0.0,NO TRADE,0.6466666460037231,"{""volatility"":0.3369774992,""sentiment_roll_5"":-0.3377405373,""sentiment_roll_10"":1.560501205,""sentiment_zscore"":-1.0178762292,""sentiment_momentum"":-0.5778818255,""sentiment_volatility"":0.2896972041,""momentum"":1.7157711846,""momentum_acceleration"":-0.9826397928,""sentiment_zscore_x_volatility"":-0.9868087082}"
2026-05-21 17:00:37,0.0,NO TRADE,0.6466666460037231,"{""volatility"":0.3369774992,""sentiment_roll_5"":-0.3377405373,""sentiment_roll_10"":1.560501205,""sentiment_zscore"":-1.0178762292,""sentiment_momentum"":-0.5778818255,""sentiment_volatility"":0.2896972041,""momentum"":1.7157711846,""momentum_acceleration"":-0.9826397928,""sentiment_zscore_x_volatility"":-0.9868087082}"
2026-05-21 17:00:38,0.0,NO TRADE,0.6466666460037231,"{""volatility"":0.3369774992,""sentiment_roll_5"":-0.3377405373,""sentiment_roll_10"":1.560501205,""sentiment_zscore"":-1.0178762292,""sentiment_momentum"":-0.5778818255,""sentiment_volatility"":0.2896972041,""momentum"":1.7157711846,""momentum_acceleration"":-0.9826397928,""sentiment_zscore_x_volatility"":-0.9868087082}"
2026-05-21 17:00:38,0.0,NO TRADE,0.6466666460037231,"{""volatility"":0.3369774992,""sentiment_roll_5"":-0.3377405373,""sentiment_roll_10"":1.560501205,""sentiment_zscore"":-1.0178762292,""sentiment_momentum"":-0.5778818255,""sentiment_volatility"":0.2896972041,""momentum"":1.7157711846,""momentum_acceleration"":-0.9826397928,""sentiment_zscore_x_volatility"":-0.9868087082}"
2026-05-21 17:00:39,0.0,NO TRADE,0.6466666460037231,"{""volatility"":0.3369774992,""sentiment_roll_5"":-0.3377405373,""sentiment_roll_10"":1.560501205,""sentiment_zscore"":-1.0178762292,""sentiment_momentum"":-0.5778818255,""sentiment_volatility"":0.2896972041,""momentum"":1.7157711846,""momentum_acceleration"":-0.9826397928,""sentiment_zscore_x_volatility"":-0.9868087082}"
2026-05-21 17:00:39,0.0,NO TRADE,0.6466666460037231,"{""volatility"":0.3369774992,""sentiment_roll_5"":-0.3377405373,""sentiment_roll_10"":1.560501205,""sentiment_zscore"":-1.0178762292,""sentiment_momentum"":-0.5778818255,""sentiment_volatility"":0.2896972041,""momentum"":1.7157711846,""momentum_acceleration"":-0.9826397928,""sentiment_zscore_x_volatility"":-0.9868087082}"
2026-05-21 17:00:40,0.0,NO TRADE,0.6466666460037231,"{""volatility"":0.3369774992,""sentiment_roll_5"":-0.3377405373,""sentiment_roll_10"":1.560501205,""sentiment_zscore"":-1.0178762292,""sentiment_momentum"":-0.5778818255,""sentiment_volatility"":0.2896972041,""momentum"":1.7157711846,""momentum_acceleration"":-0.9826397928,""sentiment_zscore_x_volatility"":-0.9868087082}"
2026-05-21 17:00:40,0.0,NO TRADE,0.6466666460037231,"{""volatility"":0.3369774992,""sentiment_roll_5"":-0.3377405373,""sentiment_roll_10"":1.560501205,""sentiment_zscore"":-1.0178762292,""sentiment_momentum"":-0.5778818255,""sentiment_volatility"":0.2896972041,""momentum"":1.7157711846,""momentum_acceleration"":-0.9826397928,""sentiment_zscore_x_volatility"":-0.9868087082}"
2026-05-21 17:00:40,0.0,NO TRADE,0.6466666460037231,"{""volatility"":0.3369774992,""sentiment_roll_5"":-0.3377405373,""sentiment_roll_10"":1.560501205,""sentiment_zscore"":-1.0178762292,""sentiment_momentum"":-0.5778818255,""sentiment_volatility"":0.2896972041,""momentum"":1.7157711846,""momentum_acceleration"":-0.9826397928,""sentiment_zscore_x_volatility"":-0.9868087082}"
2026-05-21 17:00:40,0.0,NO TRADE,0.6466666460037231,"{""volatility"":0.3369774992,""sentiment_roll_5"":-0.3377405373,""sentiment_roll_10"":1.560501205,""sentiment_zscore"":-1.0178762292,""sentiment_momentum"":-0.5778818255,""sentiment_volatility"":0.2896972041,""momentum"":1.7157711846,""momentum_acceleration"":-0.9826397928,""sentiment_zscore_x_volatility"":-0.9868087082}"
2026-05-21 17:01:21,0.0,NO TRADE,0.6466666460037231,"{""volatility"":0.3369774992,""sentiment_roll_5"":-0.3377405373,""sentiment_roll_10"":1.560501205,""sentiment_zscore"":-1.0178762292,""sentiment_momentum"":-0.5778818255,""sentiment_volatility"":0.2896972041,""momentum"":1.7157711846,""momentum_acceleration"":-0.9826397928,""sentiment_zscore_x_volatility"":-0.9868087082}"
2026-05-21 17:01:22,0.0,NO TRADE,0.6466666460037231,"{""volatility"":0.3369774992,""sentiment_roll_5"":-0.3377405373,""sentiment_roll_10"":1.560501205,""sentiment_zscore"":-1.0178762292,""sentiment_momentum"":-0.5778818255,""sentiment_volatility"":0.2896972041,""momentum"":1.7157711846,""momentum_acceleration"":-0.9826397928,""sentiment_zscore_x_volatility"":-0.9868087082}"
2026-05-21 17:01:23,0.0,NO TRADE,0.6466666460037231,"{""volatility"":0.3369774992,""sentiment_roll_5"":-0.3377405373,""sentiment_roll_10"":1.560501205,""sentiment_zscore"":-1.0178762292,""sentiment_momentum"":-0.5778818255,""sentiment_volatility"":0.2896972041,""momentum"":1.7157711846,""momentum_acceleration"":-0.9826397928,""sentiment_zscore_x_volatility"":-0.9868087082}"
2026-05-21 17:01:23,0.0,NO TRADE,0.6466666460037231,"{""volatility"":0.3369774992,""sentiment_roll_5"":-0.3377405373,""sentiment_roll_10"":1.560501205,""sentiment_zscore"":-1.0178762292,""sentiment_momentum"":-0.5778818255,""sentiment_volatility"":0.2896972041,""momentum"":1.7157711846,""momentum_acceleration"":-0.9826397928,""sentiment_zscore_x_volatility"":-0.9868087082}"
2026-05-21 17:01:23,0.0,NO TRADE,0.6466666460037231,"{""volatility"":0.3369774992,""sentiment_roll_5"":-0.3377405373,""sentiment_roll_10"":1.560501205,""sentiment_zscore"":-1.0178762292,""sentiment_momentum"":-0.5778818255,""sentiment_volatility"":0.2896972041,""momentum"":1.7157711846,""momentum_acceleration"":-0.9826397928,""sentiment_zscore_x_volatility"":-0.9868087082}"
2026-05-21 17:01:24,0.0,NO TRADE,0.6466666460037231,"{""volatility"":0.3369774992,""sentiment_roll_5"":-0.3377405373,""sentiment_roll_10"":1.560501205,""sentiment_zscore"":-1.0178762292,""sentiment_momentum"":-0.5778818255,""sentiment_volatility"":0.2896972041,""momentum"":1.7157711846,""momentum_acceleration"":-0.9826397928,""sentiment_zscore_x_volatility"":-0.9868087082}"
2026-05-21 17:01:24,0.0,NO TRADE,0.6466666460037231,"{""volatility"":0.3369774992,""sentiment_roll_5"":-0.3377405373,""sentiment_roll_10"":1.560501205,""sentiment_zscore"":-1.0178762292,""sentiment_momentum"":-0.5778818255,""sentiment_volatility"":0.2896972041,""momentum"":1.7157711846,""momentum_acceleration"":-0.9826397928,""sentiment_zscore_x_volatility"":-0.9868087082}"
2026-05-21 17:02:17,0.0,NO TRADE,0.6466666460037231,"{""volatility"":0.3369774992,""sentiment_roll_5"":-0.3377405373,""sentiment_roll_10"":1.560501205,""sentiment_zscore"":-1.0178762292,""sentiment_momentum"":-0.5778818255,""sentiment_volatility"":0.2896972041,""momentum"":1.7157711846,""momentum_acceleration"":-0.9826397928,""sentiment_zscore_x_volatility"":-0.9868087082}"
2026-05-21 17:02:18,0.0,NO TRADE,0.6466666460037231,"{""volatility"":0.3369774992,""sentiment_roll_5"":-0.3377405373,""sentiment_roll_10"":1.560501205,""sentiment_zscore"":-1.0178762292,""sentiment_momentum"":-0.5778818255,""sentiment_volatility"":0.2896972041,""momentum"":1.7157711846,""momentum_acceleration"":-0.9826397928,""sentiment_zscore_x_volatility"":-0.9868087082}"
2026-05-21 17:02:19,0.0,NO TRADE,0.6466666460037231,"{""volatility"":0.3369774992,""sentiment_roll_5"":-0.3377405373,""sentiment_roll_10"":1.560501205,""sentiment_zscore"":-1.0178762292,""sentiment_momentum"":-0.5778818255,""sentiment_volatility"":0.2896972041,""momentum"":1.7157711846,""momentum_acceleration"":-0.9826397928,""sentiment_zscore_x_volatility"":-0.9868087082}"
2026-05-21 17:02:19,0.0,NO TRADE,0.6466666460037231,"{""volatility"":0.3369774992,""sentiment_roll_5"":-0.3377405373,""sentiment_roll_10"":1.560501205,""sentiment_zscore"":-1.0178762292,""sentiment_momentum"":-0.5778818255,""sentiment_volatility"":0.2896972041,""momentum"":1.7157711846,""momentum_acceleration"":-0.9826397928,""sentiment_zscore_x_volatility"":-0.9868087082}"
2026-05-21 17:02:20,0.0,NO TRADE,0.6466666460037231,"{""volatility"":0.3369774992,""sentiment_roll_5"":-0.3377405373,""sentiment_roll_10"":1.560501205,""sentiment_zscore"":-1.0178762292,""sentiment_momentum"":-0.5778818255,""sentiment_volatility"":0.2896972041,""momentum"":1.7157711846,""momentum_acceleration"":-0.9826397928,""sentiment_zscore_x_volatility"":-0.9868087082}"
2026-05-21 17:02:20,0.0,NO TRADE,0.6466666460037231,"{""volatility"":0.3369774992,""sentiment_roll_5"":-0.3377405373,""sentiment_roll_10"":1.560501205,""sentiment_zscore"":-1.0178762292,""sentiment_momentum"":-0.5778818255,""sentiment_volatility"":0.2896972041,""momentum"":1.7157711846,""momentum_acceleration"":-0.9826397928,""sentiment_zscore_x_volatility"":-0.9868087082}"
2026-05-21 17:02:21,0.0,NO TRADE,0.6466666460037231,"{""volatility"":0.3369774992,""sentiment_roll_5"":-0.3377405373,""sentiment_roll_10"":1.560501205,""sentiment_zscore"":-1.0178762292,""sentiment_momentum"":-0.5778818255,""sentiment_volatility"":0.2896972041,""momentum"":1.7157711846,""momentum_acceleration"":-0.9826397928,""sentiment_zscore_x_volatility"":-0.9868087082}"
2026-05-21 17:02:31,0.0,NO TRADE,0.6466666460037231,"{""volatility"":0.3369774992,""sentiment_roll_5"":-0.3377405373,""sentiment_roll_10"":1.560501205,""sentiment_zscore"":-1.0178762292,""sentiment_momentum"":-0.5778818255,""sentiment_volatility"":0.2896972041,""momentum"":1.7157711846,""momentum_acceleration"":-0.9826397928,""sentiment_zscore_x_volatility"":-0.9868087082}"
2026-05-21 17:02:31,0.0,NO TRADE,0.6466666460037231,"{""volatility"":0.3369774992,""sentiment_roll_5"":-0.3377405373,""sentiment_roll_10"":1.560501205,""sentiment_zscore"":-1.0178762292,""sentiment_momentum"":-0.5778818255,""sentiment_volatility"":0.2896972041,""momentum"":1.7157711846,""momentum_acceleration"":-0.9826397928,""sentiment_zscore_x_volatility"":-0.9868087082}"
2026-05-21 17:02:32,0.0,NO TRADE,0.6466666460037231,"{""volatility"":0.3369774992,""sentiment_roll_5"":-0.3377405373,""sentiment_roll_10"":1.560501205,""sentiment_zscore"":-1.0178762292,""sentiment_momentum"":-0.5778818255,""sentiment_volatility"":0.2896972041,""momentum"":1.7157711846,""momentum_acceleration"":-0.9826397928,""sentiment_zscore_x_volatility"":-0.9868087082}"
2026-05-21 17:02:32,0.0,NO TRADE,0.6466666460037231,"{""volatility"":0.3369774992,""sentiment_roll_5"":-0.3377405373,""sentiment_roll_10"":1.560501205,""sentiment_zscore"":-1.0178762292,""sentiment_momentum"":-0.5778818255,""sentiment_volatility"":0.2896972041,""momentum"":1.7157711846,""momentum_acceleration"":-0.9826397928,""sentiment_zscore_x_volatility"":-0.9868087082}"
2026-05-21 17:02:32,0.0,NO TRADE,0.6466666460037231,"{""volatility"":0.3369774992,""sentiment_roll_5"":-0.3377405373,""sentiment_roll_10"":1.560501205,""sentiment_zscore"":-1.0178762292,""sentiment_momentum"":-0.5778818255,""sentiment_volatility"":0.2896972041,""momentum"":1.7157711846,""momentum_acceleration"":-0.9826397928,""sentiment_zscore_x_volatility"":-0.9868087082}"
2026-05-21 17:08:01,0.0,NO TRADE,0.6466666460037231,"{""volatility"":0.3369774992,""sentiment_roll_5"":-0.3377405373,""sentiment_roll_10"":1.560501205,""sentiment_zscore"":-1.0178762292,""sentiment_momentum"":-0.5778818255,""sentiment_volatility"":0.2896972041,""momentum"":1.7157711846,""momentum_acceleration"":-0.9826397928,""sentiment_zscore_x_volatility"":-0.9868087082}"
2026-05-21 17:08:02,0.0,NO TRADE,0.6466666460037231,"{""volatility"":0.3369774992,""sentiment_roll_5"":-0.3377405373,""sentiment_roll_10"":1.560501205,""sentiment_zscore"":-1.0178762292,""sentiment_momentum"":-0.5778818255,""sentiment_volatility"":0.2896972041,""momentum"":1.7157711846,""momentum_acceleration"":-0.9826397928,""sentiment_zscore_x_volatility"":-0.9868087082}"
2026-05-21 17:08:03,0.0,NO TRADE,0.6466666460037231,"{""volatility"":0.3369774992,""sentiment_roll_5"":-0.3377405373,""sentiment_roll_10"":1.560501205,""sentiment_zscore"":-1.0178762292,""sentiment_momentum"":-0.5778818255,""sentiment_volatility"":0.2896972041,""momentum"":1.7157711846,""momentum_acceleration"":-0.9826397928,""sentiment_zscore_x_volatility"":-0.9868087082}"
2026-05-21 17:08:03,0.0,NO TRADE,0.6466666460037231,"{""volatility"":0.3369774992,""sentiment_roll_5"":-0.3377405373,""sentiment_roll_10"":1.560501205,""sentiment_zscore"":-1.0178762292,""sentiment_momentum"":-0.5778818255,""sentiment_volatility"":0.2896972041,""momentum"":1.7157711846,""momentum_acceleration"":-0.9826397928,""sentiment_zscore_x_volatility"":-0.9868087082}"
2026-05-21 17:08:04,0.0,NO TRADE,0.6466666460037231,"{""volatility"":0.3369774992,""sentiment_roll_5"":-0.3377405373,""sentiment_roll_10"":1.560501205,""sentiment_zscore"":-1.0178762292,""sentiment_momentum"":-0.5778818255,""sentiment_volatility"":0.2896972041,""momentum"":1.7157711846,""momentum_acceleration"":-0.9826397928,""sentiment_zscore_x_volatility"":-0.9868087082}"
2026-05-21 17:08:05,0.0,NO TRADE,0.6466666460037231,"{""volatility"":0.3369774992,""sentiment_roll_5"":-0.3377405373,""sentiment_roll_10"":1.560501205,""sentiment_zscore"":-1.0178762292,""sentiment_momentum"":-0.5778818255,""sentiment_volatility"":0.2896972041,""momentum"":1.7157711846,""momentum_acceleration"":-0.9826397928,""sentiment_zscore_x_volatility"":-0.9868087082}"
2026-05-21 17:08:06,0.0,NO TRADE,0.6466666460037231,"{""volatility"":0.3369774992,""sentiment_roll_5"":-0.3377405373,""sentiment_roll_10"":1.560501205,""sentiment_zscore"":-1.0178762292,""sentiment_momentum"":-0.5778818255,""sentiment_volatility"":0.2896972041,""momentum"":1.7157711846,""momentum_acceleration"":-0.9826397928,""sentiment_zscore_x_volatility"":-0.9868087082}"
2026-05-21 17:08:07,0.0,NO TRADE,0.6466666460037231,"{""volatility"":0.3369774992,""sentiment_roll_5"":-0.3377405373,""sentiment_roll_10"":1.560501205,""sentiment_zscore"":-1.0178762292,""sentiment_momentum"":-0.5778818255,""sentiment_volatility"":0.2896972041,""momentum"":1.7157711846,""momentum_acceleration"":-0.9826397928,""sentiment_zscore_x_volatility"":-0.9868087082}"
2026-05-21 17:08:08,0.0,NO TRADE,0.6466666460037231,"{""volatility"":0.3369774992,""sentiment_roll_5"":-0.3377405373,""sentiment_roll_10"":1.560501205,""sentiment_zscore"":-1.0178762292,""sentiment_momentum"":-0.5778818255,""sentiment_volatility"":0.2896972041,""momentum"":1.7157711846,""momentum_acceleration"":-0.9826397928,""sentiment_zscore_x_volatility"":-0.9868087082}"
2026-05-21 17:08:08,0.0,NO TRADE,0.6466666460037231,"{""volatility"":0.3369774992,""sentiment_roll_5"":-0.3377405373,""sentiment_roll_10"":1.560501205,""sentiment_zscore"":-1.0178762292,""sentiment_momentum"":-0.5778818255,""sentiment_volatility"":0.2896972041,""momentum"":1.7157711846,""momentum_acceleration"":-0.9826397928,""sentiment_zscore_x_volatility"":-0.9868087082}"
2026-05-21 17:08:09,0.0,NO TRADE,0.6466666460037231,"{""volatility"":0.3369774992,""sentiment_roll_5"":-0.3377405373,""sentiment_roll_10"":1.560501205,""sentiment_zscore"":-1.0178762292,""sentiment_momentum"":-0.5778818255,""sentiment_volatility"":0.2896972041,""momentum"":1.7157711846,""momentum_acceleration"":-0.9826397928,""sentiment_zscore_x_volatility"":-0.9868087082}"
2026-05-21 17:08:34,0.0,NO TRADE,0.6466666460037231,"{""volatility"":0.3369774992,""sentiment_roll_5"":-0.3377405373,""sentiment_roll_10"":1.560501205,""sentiment_zscore"":-1.0178762292,""sentiment_momentum"":-0.5778818255,""sentiment_volatility"":0.2896972041,""momentum"":1.7157711846,""momentum_acceleration"":-0.9826397928,""sentiment_zscore_x_volatility"":-0.9868087082}"
2026-05-21 17:08:35,0.0,NO TRADE,0.6466666460037231,"{""volatility"":0.3369774992,""sentiment_roll_5"":-0.3377405373,""sentiment_roll_10"":1.560501205,""sentiment_zscore"":-1.0178762292,""sentiment_momentum"":-0.5778818255,""sentiment_volatility"":0.2896972041,""momentum"":1.7157711846,""momentum_acceleration"":-0.9826397928,""sentiment_zscore_x_volatility"":-0.9868087082}"
2026-05-21 17:08:36,0.0,NO TRADE,0.6466666460037231,"{""volatility"":0.3369774992,""sentiment_roll_5"":-0.3377405373,""sentiment_roll_10"":1.560501205,""sentiment_zscore"":-1.0178762292,""sentiment_momentum"":-0.5778818255,""sentiment_volatility"":0.2896972041,""momentum"":1.7157711846,""momentum_acceleration"":-0.9826397928,""sentiment_zscore_x_volatility"":-0.9868087082}"
2026-05-21 17:08:36,0.0,NO TRADE,0.6466666460037231,"{""volatility"":0.3369774992,""sentiment_roll_5"":-0.3377405373,""sentiment_roll_10"":1.560501205,""sentiment_zscore"":-1.0178762292,""sentiment_momentum"":-0.5778818255,""sentiment_volatility"":0.2896972041,""momentum"":1.7157711846,""momentum_acceleration"":-0.9826397928,""sentiment_zscore_x_volatility"":-0.9868087082}"
2026-05-21 17:08:37,0.0,NO TRADE,0.6466666460037231,"{""volatility"":0.3369774992,""sentiment_roll_5"":-0.3377405373,""sentiment_roll_10"":1.560501205,""sentiment_zscore"":-1.0178762292,""sentiment_momentum"":-0.5778818255,""sentiment_volatility"":0.2896972041,""momentum"":1.7157711846,""momentum_acceleration"":-0.9826397928,""sentiment_zscore_x_volatility"":-0.9868087082}"
2026-05-21 17:08:38,0.0,NO TRADE,0.6466666460037231,"{""volatility"":0.3369774992,""sentiment_roll_5"":-0.3377405373,""sentiment_roll_10"":1.560501205,""sentiment_zscore"":-1.0178762292,""sentiment_momentum"":-0.5778818255,""sentiment_volatility"":0.2896972041,""momentum"":1.7157711846,""momentum_acceleration"":-0.9826397928,""sentiment_zscore_x_volatility"":-0.9868087082}"
2026-05-21 17:08:39,0.0,NO TRADE,0.6466666460037231,"{""volatility"":0.3369774992,""sentiment_roll_5"":-0.3377405373,""sentiment_roll_10"":1.560501205,""sentiment_zscore"":-1.0178762292,""sentiment_momentum"":-0.5778818255,""sentiment_volatility"":0.2896972041,""momentum"":1.7157711846,""momentum_acceleration"":-0.9826397928,""sentiment_zscore_x_volatility"":-0.9868087082}"
2026-05-21 17:08:40,0.0,NO TRADE,0.6466666460037231,"{""volatility"":0.3369774992,""sentiment_roll_5"":-0.3377405373,""sentiment_roll_10"":1.560501205,""sentiment_zscore"":-1.0178762292,""sentiment_momentum"":-0.5778818255,""sentiment_volatility"":0.2896972041,""momentum"":1.7157711846,""momentum_acceleration"":-0.9826397928,""sentiment_zscore_x_volatility"":-0.9868087082}"
2026-05-21 17:08:40,0.0,NO TRADE,0.6466666460037231,"{""volatility"":0.3369774992,""sentiment_roll_5"":-0.3377405373,""sentiment_roll_10"":1.560501205,""sentiment_zscore"":-1.0178762292,""sentiment_momentum"":-0.5778818255,""sentiment_volatility"":0.2896972041,""momentum"":1.7157711846,""momentum_acceleration"":-0.9826397928,""sentiment_zscore_x_volatility"":-0.9868087082}"
2026-05-21 17:08:41,0.0,NO TRADE,0.6466666460037231,"{""volatility"":0.3369774992,""sentiment_roll_5"":-0.3377405373,""sentiment_roll_10"":1.560501205,""sentiment_zscore"":-1.0178762292,""sentiment_momentum"":-0.5778818255,""sentiment_volatility"":0.2896972041,""momentum"":1.7157711846,""momentum_acceleration"":-0.9826397928,""sentiment_zscore_x_volatility"":-0.9868087082}"
2026-05-21 17:09:20,0.0,NO TRADE,0.6466666460037231,"{""volatility"":0.3369774992,""sentiment_roll_5"":-0.3377405373,""sentiment_roll_10"":1.560501205,""sentiment_zscore"":-1.0178762292,""sentiment_momentum"":-0.5778818255,""sentiment_volatility"":0.2896972041,""momentum"":1.7157711846,""momentum_acceleration"":-0.9826397928,""sentiment_zscore_x_volatility"":-0.9868087082}"
2026-05-21 17:09:21,0.0,NO TRADE,0.6466666460037231,"{""volatility"":0.3369774992,""sentiment_roll_5"":-0.3377405373,""sentiment_roll_10"":1.560501205,""sentiment_zscore"":-1.0178762292,""sentiment_momentum"":-0.5778818255,""sentiment_volatility"":0.2896972041,""momentum"":1.7157711846,""momentum_acceleration"":-0.9826397928,""sentiment_zscore_x_volatility"":-0.9868087082}"
2026-05-21 17:09:22,0.0,NO TRADE,0.6466666460037231,"{""volatility"":0.3369774992,""sentiment_roll_5"":-0.3377405373,""sentiment_roll_10"":1.560501205,""sentiment_zscore"":-1.0178762292,""sentiment_momentum"":-0.5778818255,""sentiment_volatility"":0.2896972041,""momentum"":1.7157711846,""momentum_acceleration"":-0.9826397928,""sentiment_zscore_x_volatility"":-0.9868087082}"
2026-05-21 17:09:23,0.0,NO TRADE,0.6466666460037231,"{""volatility"":0.3369774992,""sentiment_roll_5"":-0.3377405373,""sentiment_roll_10"":1.560501205,""sentiment_zscore"":-1.0178762292,""sentiment_momentum"":-0.5778818255,""sentiment_volatility"":0.2896972041,""momentum"":1.7157711846,""momentum_acceleration"":-0.9826397928,""sentiment_zscore_x_volatility"":-0.9868087082}"
2026-05-21 17:09:24,0.0,NO TRADE,0.6466666460037231,"{""volatility"":0.3369774992,""sentiment_roll_5"":-0.3377405373,""sentiment_roll_10"":1.560501205,""sentiment_zscore"":-1.0178762292,""sentiment_momentum"":-0.5778818255,""sentiment_volatility"":0.2896972041,""momentum"":1.7157711846,""momentum_acceleration"":-0.9826397928,""sentiment_zscore_x_volatility"":-0.9868087082}"
2026-05-21 17:09:25,0.0,NO TRADE,0.6466666460037231,"{""volatility"":0.3369774992,""sentiment_roll_5"":-0.3377405373,""sentiment_roll_10"":1.560501205,""sentiment_zscore"":-1.0178762292,""sentiment_momentum"":-0.5778818255,""sentiment_volatility"":0.2896972041,""momentum"":1.7157711846,""momentum_acceleration"":-0.9826397928,""sentiment_zscore_x_volatility"":-0.9868087082}"
2026-05-21 17:09:25,0.0,NO TRADE,0.6466666460037231,"{""volatility"":0.3369774992,""sentiment_roll_5"":-0.3377405373,""sentiment_roll_10"":1.560501205,""sentiment_zscore"":-1.0178762292,""sentiment_momentum"":-0.5778818255,""sentiment_volatility"":0.2896972041,""momentum"":1.7157711846,""momentum_acceleration"":-0.9826397928,""sentiment_zscore_x_volatility"":-0.9868087082}"
2026-05-21 17:09:26,0.0,NO TRADE,0.6466666460037231,"{""volatility"":0.3369774992,""sentiment_roll_5"":-0.3377405373,""sentiment_roll_10"":1.560501205,""sentiment_zscore"":-1.0178762292,""sentiment_momentum"":-0.5778818255,""sentiment_volatility"":0.2896972041,""momentum"":1.7157711846,""momentum_acceleration"":-0.9826397928,""sentiment_zscore_x_volatility"":-0.9868087082}"
2026-05-21 17:09:27,0.0,NO TRADE,0.6466666460037231,"{""volatility"":0.3369774992,""sentiment_roll_5"":-0.3377405373,""sentiment_roll_10"":1.560501205,""sentiment_zscore"":-1.0178762292,""sentiment_momentum"":-0.5778818255,""sentiment_volatility"":0.2896972041,""momentum"":1.7157711846,""momentum_acceleration"":-0.9826397928,""sentiment_zscore_x_volatility"":-0.9868087082}"
2026-05-21 17:09:28,0.0,NO TRADE,0.6466666460037231,"{""volatility"":0.3369774992,""sentiment_roll_5"":-0.3377405373,""sentiment_roll_10"":1.560501205,""sentiment_zscore"":-1.0178762292,""sentiment_momentum"":-0.5778818255,""sentiment_volatility"":0.2896972041,""momentum"":1.7157711846,""momentum_acceleration"":-0.9826397928,""sentiment_zscore_x_volatility"":-0.9868087082}"
2026-05-21 17:09:29,0.0,NO TRADE,0.6466666460037231,"{""volatility"":0.3369774992,""sentiment_roll_5"":-0.3377405373,""sentiment_roll_10"":1.560501205,""sentiment_zscore"":-1.0178762292,""sentiment_momentum"":-0.5778818255,""sentiment_volatility"":0.2896972041,""momentum"":1.7157711846,""momentum_acceleration"":-0.9826397928,""sentiment_zscore_x_volatility"":-0.9868087082}"
2026-05-21 17:09:29,0.0,NO TRADE,0.6466666460037231,"{""volatility"":0.3369774992,""sentiment_roll_5"":-0.3377405373,""sentiment_roll_10"":1.560501205,""sentiment_zscore"":-1.0178762292,""sentiment_momentum"":-0.5778818255,""sentiment_volatility"":0.2896972041,""momentum"":1.7157711846,""momentum_acceleration"":-0.9826397928,""sentiment_zscore_x_volatility"":-0.9868087082}"
2026-05-21 17:09:30,0.0,NO TRADE,0.6466666460037231,"{""volatility"":0.3369774992,""sentiment_roll_5"":-0.3377405373,""sentiment_roll_10"":1.560501205,""sentiment_zscore"":-1.0178762292,""sentiment_momentum"":-0.5778818255,""sentiment_volatility"":0.2896972041,""momentum"":1.7157711846,""momentum_acceleration"":-0.9826397928,""sentiment_zscore_x_volatility"":-0.9868087082}"
2026-05-21 17:09:30,0.0,NO TRADE,0.6466666460037231,"{""volatility"":0.3369774992,""sentiment_roll_5"":-0.3377405373,""sentiment_roll_10"":1.560501205,""sentiment_zscore"":-1.0178762292,""sentiment_momentum"":-0.5778818255,""sentiment_volatility"":0.2896972041,""momentum"":1.7157711846,""momentum_acceleration"":-0.9826397928,""sentiment_zscore_x_volatility"":-0.9868087082}"
2026-05-21 17:09:31,0.0,NO TRADE,0.6466666460037231,"{""volatility"":0.3369774992,""sentiment_roll_5"":-0.3377405373,""sentiment_roll_10"":1.560501205,""sentiment_zscore"":-1.0178762292,""sentiment_momentum"":-0.5778818255,""sentiment_volatility"":0.2896972041,""momentum"":1.7157711846,""momentum_acceleration"":-0.9826397928,""sentiment_zscore_x_volatility"":-0.9868087082}"
2026-05-21 17:09:31,0.0,NO TRADE,0.6466666460037231,"{""volatility"":0.3369774992,""sentiment_roll_5"":-0.3377405373,""sentiment_roll_10"":1.560501205,""sentiment_zscore"":-1.0178762292,""sentiment_momentum"":-0.5778818255,""sentiment_volatility"":0.2896972041,""momentum"":1.7157711846,""momentum_acceleration"":-0.9826397928,""sentiment_zscore_x_volatility"":-0.9868087082}"
2026-05-21 17:09:31,0.0,NO TRADE,0.6466666460037231,"{""volatility"":0.3369774992,""sentiment_roll_5"":-0.3377405373,""sentiment_roll_10"":1.560501205,""sentiment_zscore"":-1.0178762292,""sentiment_momentum"":-0.5778818255,""sentiment_volatility"":0.2896972041,""momentum"":1.7157711846,""momentum_acceleration"":-0.9826397928,""sentiment_zscore_x_volatility"":-0.9868087082}"
2026-05-21 17:09:32,0.0,NO TRADE,0.6466666460037231,"{""volatility"":0.3369774992,""sentiment_roll_5"":-0.3377405373,""sentiment_roll_10"":1.560501205,""sentiment_zscore"":-1.0178762292,""sentiment_momentum"":-0.5778818255,""sentiment_volatility"":0.2896972041,""momentum"":1.7157711846,""momentum_acceleration"":-0.9826397928,""sentiment_zscore_x_volatility"":-0.9868087082}"
2026-05-21 17:09:32,0.0,NO TRADE,0.6466666460037231,"{""volatility"":0.3369774992,""sentiment_roll_5"":-0.3377405373,""sentiment_roll_10"":1.560501205,""sentiment_zscore"":-1.0178762292,""sentiment_momentum"":-0.5778818255,""sentiment_volatility"":0.2896972041,""momentum"":1.7157711846,""momentum_acceleration"":-0.9826397928,""sentiment_zscore_x_volatility"":-0.9868087082}"
2026-05-21 17:09:33,0.0,NO TRADE,0.6466666460037231,"{""volatility"":0.3369774992,""sentiment_roll_5"":-0.3377405373,""sentiment_roll_10"":1.560501205,""sentiment_zscore"":-1.0178762292,""sentiment_momentum"":-0.5778818255,""sentiment_volatility"":0.2896972041,""momentum"":1.7157711846,""momentum_acceleration"":-0.9826397928,""sentiment_zscore_x_volatility"":-0.9868087082}"
2026-05-21 17:09:33,0.0,NO TRADE,0.6466666460037231,"{""volatility"":0.3369774992,""sentiment_roll_5"":-0.3377405373,""sentiment_roll_10"":1.560501205,""sentiment_zscore"":-1.0178762292,""sentiment_momentum"":-0.5778818255,""sentiment_volatility"":0.2896972041,""momentum"":1.7157711846,""momentum_acceleration"":-0.9826397928,""sentiment_zscore_x_volatility"":-0.9868087082}"
2026-05-21 17:09:34,0.0,NO TRADE,0.6466666460037231,"{""volatility"":0.3369774992,""sentiment_roll_5"":-0.3377405373,""sentiment_roll_10"":1.560501205,""sentiment_zscore"":-1.0178762292,""sentiment_momentum"":-0.5778818255,""sentiment_volatility"":0.2896972041,""momentum"":1.7157711846,""momentum_acceleration"":-0.9826397928,""sentiment_zscore_x_volatility"":-0.9868087082}"
2026-05-21 17:09:34,0.0,NO TRADE,0.6466666460037231,"{""volatility"":0.3369774992,""sentiment_roll_5"":-0.3377405373,""sentiment_roll_10"":1.560501205,""sentiment_zscore"":-1.0178762292,""sentiment_momentum"":-0.5778818255,""sentiment_volatility"":0.2896972041,""momentum"":1.7157711846,""momentum_acceleration"":-0.9826397928,""sentiment_zscore_x_volatility"":-0.9868087082}"
2026-05-21 17:09:35,0.0,NO TRADE,0.6466666460037231,"{""volatility"":0.3369774992,""sentiment_roll_5"":-0.3377405373,""sentiment_roll_10"":1.560501205,""sentiment_zscore"":-1.0178762292,""sentiment_momentum"":-0.5778818255,""sentiment_volatility"":0.2896972041,""momentum"":1.7157711846,""momentum_acceleration"":-0.9826397928,""sentiment_zscore_x_volatility"":-0.9868087082}"
2026-05-21 17:09:35,0.0,NO TRADE,0.6466666460037231,"{""volatility"":0.3369774992,""sentiment_roll_5"":-0.3377405373,""sentiment_roll_10"":1.560501205,""sentiment_zscore"":-1.0178762292,""sentiment_momentum"":-0.5778818255,""sentiment_volatility"":0.2896972041,""momentum"":1.7157711846,""momentum_acceleration"":-0.9826397928,""sentiment_zscore_x_volatility"":-0.9868087082}"
2026-05-21 17:09:35,0.0,NO TRADE,0.6466666460037231,"{""volatility"":0.3369774992,""sentiment_roll_5"":-0.3377405373,""sentiment_roll_10"":1.560501205,""sentiment_zscore"":-1.0178762292,""sentiment_momentum"":-0.5778818255,""sentiment_volatility"":0.2896972041,""momentum"":1.7157711846,""momentum_acceleration"":-0.9826397928,""sentiment_zscore_x_volatility"":-0.9868087082}"
2026-05-21 17:09:36,0.0,NO TRADE,0.6466666460037231,"{""volatility"":0.3369774992,""sentiment_roll_5"":-0.3377405373,""sentiment_roll_10"":1.560501205,""sentiment_zscore"":-1.0178762292,""sentiment_momentum"":-0.5778818255,""sentiment_volatility"":0.2896972041,""momentum"":1.7157711846,""momentum_acceleration"":-0.9826397928,""sentiment_zscore_x_volatility"":-0.9868087082}"
2026-05-21 17:10:34,0.0,NO TRADE,0.6466666460037231,"{""volatility"":0.3369774992,""sentiment_roll_5"":-0.3377405373,""sentiment_roll_10"":1.560501205,""sentiment_zscore"":-1.0178762292,""sentiment_momentum"":-0.5778818255,""sentiment_volatility"":0.2896972041,""momentum"":1.7157711846,""momentum_acceleration"":-0.9826397928,""sentiment_zscore_x_volatility"":-0.9868087082}"
2026-05-21 17:10:35,0.0,NO TRADE,0.6466666460037231,"{""volatility"":0.3369774992,""sentiment_roll_5"":-0.3377405373,""sentiment_roll_10"":1.560501205,""sentiment_zscore"":-1.0178762292,""sentiment_momentum"":-0.5778818255,""sentiment_volatility"":0.2896972041,""momentum"":1.7157711846,""momentum_acceleration"":-0.9826397928,""sentiment_zscore_x_volatility"":-0.9868087082}"
2026-05-21 17:10:36,0.0,NO TRADE,0.6466666460037231,"{""volatility"":0.3369774992,""sentiment_roll_5"":-0.3377405373,""sentiment_roll_10"":1.560501205,""sentiment_zscore"":-1.0178762292,""sentiment_momentum"":-0.5778818255,""sentiment_volatility"":0.2896972041,""momentum"":1.7157711846,""momentum_acceleration"":-0.9826397928,""sentiment_zscore_x_volatility"":-0.9868087082}"
2026-05-21 17:10:37,0.0,NO TRADE,0.6466666460037231,"{""volatility"":0.3369774992,""sentiment_roll_5"":-0.3377405373,""sentiment_roll_10"":1.560501205,""sentiment_zscore"":-1.0178762292,""sentiment_momentum"":-0.5778818255,""sentiment_volatility"":0.2896972041,""momentum"":1.7157711846,""momentum_acceleration"":-0.9826397928,""sentiment_zscore_x_volatility"":-0.9868087082}"
2026-05-21 17:10:38,0.0,NO TRADE,0.6466666460037231,"{""volatility"":0.3369774992,""sentiment_roll_5"":-0.3377405373,""sentiment_roll_10"":1.560501205,""sentiment_zscore"":-1.0178762292,""sentiment_momentum"":-0.5778818255,""sentiment_volatility"":0.2896972041,""momentum"":1.7157711846,""momentum_acceleration"":-0.9826397928,""sentiment_zscore_x_volatility"":-0.9868087082}"
2026-05-21 17:10:39,0.0,NO TRADE,0.6466666460037231,"{""volatility"":0.3369774992,""sentiment_roll_5"":-0.3377405373,""sentiment_roll_10"":1.560501205,""sentiment_zscore"":-1.0178762292,""sentiment_momentum"":-0.5778818255,""sentiment_volatility"":0.2896972041,""momentum"":1.7157711846,""momentum_acceleration"":-0.9826397928,""sentiment_zscore_x_volatility"":-0.9868087082}"
2026-05-21 17:10:39,0.0,NO TRADE,0.6466666460037231,"{""volatility"":0.3369774992,""sentiment_roll_5"":-0.3377405373,""sentiment_roll_10"":1.560501205,""sentiment_zscore"":-1.0178762292,""sentiment_momentum"":-0.5778818255,""sentiment_volatility"":0.2896972041,""momentum"":1.7157711846,""momentum_acceleration"":-0.9826397928,""sentiment_zscore_x_volatility"":-0.9868087082}"
2026-05-21 17:10:40,0.0,NO TRADE,0.6466666460037231,"{""volatility"":0.3369774992,""sentiment_roll_5"":-0.3377405373,""sentiment_roll_10"":1.560501205,""sentiment_zscore"":-1.0178762292,""sentiment_momentum"":-0.5778818255,""sentiment_volatility"":0.2896972041,""momentum"":1.7157711846,""momentum_acceleration"":-0.9826397928,""sentiment_zscore_x_volatility"":-0.9868087082}"
2026-05-21 17:10:41,0.0,NO TRADE,0.6466666460037231,"{""volatility"":0.3369774992,""sentiment_roll_5"":-0.3377405373,""sentiment_roll_10"":1.560501205,""sentiment_zscore"":-1.0178762292,""sentiment_momentum"":-0.5778818255,""sentiment_volatility"":0.2896972041,""momentum"":1.7157711846,""momentum_acceleration"":-0.9826397928,""sentiment_zscore_x_volatility"":-0.9868087082}"
2026-05-21 17:10:42,0.0,NO TRADE,0.6466666460037231,"{""volatility"":0.3369774992,""sentiment_roll_5"":-0.3377405373,""sentiment_roll_10"":1.560501205,""sentiment_zscore"":-1.0178762292,""sentiment_momentum"":-0.5778818255,""sentiment_volatility"":0.2896972041,""momentum"":1.7157711846,""momentum_acceleration"":-0.9826397928,""sentiment_zscore_x_volatility"":-0.9868087082}"
2026-05-21 17:10:43,0.0,NO TRADE,0.6466666460037231,"{""volatility"":0.3369774992,""sentiment_roll_5"":-0.3377405373,""sentiment_roll_10"":1.560501205,""sentiment_zscore"":-1.0178762292,""sentiment_momentum"":-0.5778818255,""sentiment_volatility"":0.2896972041,""momentum"":1.7157711846,""momentum_acceleration"":-0.9826397928,""sentiment_zscore_x_volatility"":-0.9868087082}"
2026-05-21 17:10:43,0.0,NO TRADE,0.6466666460037231,"{""volatility"":0.3369774992,""sentiment_roll_5"":-0.3377405373,""sentiment_roll_10"":1.560501205,""sentiment_zscore"":-1.0178762292,""sentiment_momentum"":-0.5778818255,""sentiment_volatility"":0.2896972041,""momentum"":1.7157711846,""momentum_acceleration"":-0.9826397928,""sentiment_zscore_x_volatility"":-0.9868087082}"
2026-05-21 17:10:44,0.0,NO TRADE,0.6466666460037231,"{""volatility"":0.3369774992,""sentiment_roll_5"":-0.3377405373,""sentiment_roll_10"":1.560501205,""sentiment_zscore"":-1.0178762292,""sentiment_momentum"":-0.5778818255,""sentiment_volatility"":0.2896972041,""momentum"":1.7157711846,""momentum_acceleration"":-0.9826397928,""sentiment_zscore_x_volatility"":-0.9868087082}"
2026-05-21 17:10:44,0.0,NO TRADE,0.6466666460037231,"{""volatility"":0.3369774992,""sentiment_roll_5"":-0.3377405373,""sentiment_roll_10"":1.560501205,""sentiment_zscore"":-1.0178762292,""sentiment_momentum"":-0.5778818255,""sentiment_volatility"":0.2896972041,""momentum"":1.7157711846,""momentum_acceleration"":-0.9826397928,""sentiment_zscore_x_volatility"":-0.9868087082}"
2026-05-21 17:10:45,0.0,NO TRADE,0.6466666460037231,"{""volatility"":0.3369774992,""sentiment_roll_5"":-0.3377405373,""sentiment_roll_10"":1.560501205,""sentiment_zscore"":-1.0178762292,""sentiment_momentum"":-0.5778818255,""sentiment_volatility"":0.2896972041,""momentum"":1.7157711846,""momentum_acceleration"":-0.9826397928,""sentiment_zscore_x_volatility"":-0.9868087082}"
2026-05-21 17:10:45,0.0,NO TRADE,0.6466666460037231,"{""volatility"":0.3369774992,""sentiment_roll_5"":-0.3377405373,""sentiment_roll_10"":1.560501205,""sentiment_zscore"":-1.0178762292,""sentiment_momentum"":-0.5778818255,""sentiment_volatility"":0.2896972041,""momentum"":1.7157711846,""momentum_acceleration"":-0.9826397928,""sentiment_zscore_x_volatility"":-0.9868087082}"
2026-05-21 17:10:46,0.0,NO TRADE,0.6466666460037231,"{""volatility"":0.3369774992,""sentiment_roll_5"":-0.3377405373,""sentiment_roll_10"":1.560501205,""sentiment_zscore"":-1.0178762292,""sentiment_momentum"":-0.5778818255,""sentiment_volatility"":0.2896972041,""momentum"":1.7157711846,""momentum_acceleration"":-0.9826397928,""sentiment_zscore_x_volatility"":-0.9868087082}"
2026-05-21 17:10:46,0.0,NO TRADE,0.6466666460037231,"{""volatility"":0.3369774992,""sentiment_roll_5"":-0.3377405373,""sentiment_roll_10"":1.560501205,""sentiment_zscore"":-1.0178762292,""sentiment_momentum"":-0.5778818255,""sentiment_volatility"":0.2896972041,""momentum"":1.7157711846,""momentum_acceleration"":-0.9826397928,""sentiment_zscore_x_volatility"":-0.9868087082}"
2026-05-21 17:10:47,0.0,NO TRADE,0.6466666460037231,"{""volatility"":0.3369774992,""sentiment_roll_5"":-0.3377405373,""sentiment_roll_10"":1.560501205,""sentiment_zscore"":-1.0178762292,""sentiment_momentum"":-0.5778818255,""sentiment_volatility"":0.2896972041,""momentum"":1.7157711846,""momentum_acceleration"":-0.9826397928,""sentiment_zscore_x_volatility"":-0.9868087082}"
2026-05-21 17:10:47,0.0,NO TRADE,0.6466666460037231,"{""volatility"":0.3369774992,""sentiment_roll_5"":-0.3377405373,""sentiment_roll_10"":1.560501205,""sentiment_zscore"":-1.0178762292,""sentiment_momentum"":-0.5778818255,""sentiment_volatility"":0.2896972041,""momentum"":1.7157711846,""momentum_acceleration"":-0.9826397928,""sentiment_zscore_x_volatility"":-0.9868087082}"
2026-05-21 17:10:48,0.0,NO TRADE,0.6466666460037231,"{""volatility"":0.3369774992,""sentiment_roll_5"":-0.3377405373,""sentiment_roll_10"":1.560501205,""sentiment_zscore"":-1.0178762292,""sentiment_momentum"":-0.5778818255,""sentiment_volatility"":0.2896972041,""momentum"":1.7157711846,""momentum_acceleration"":-0.9826397928,""sentiment_zscore_x_volatility"":-0.9868087082}"
2026-05-21 17:10:48,0.0,NO TRADE,0.6466666460037231,"{""volatility"":0.3369774992,""sentiment_roll_5"":-0.3377405373,""sentiment_roll_10"":1.560501205,""sentiment_zscore"":-1.0178762292,""sentiment_momentum"":-0.5778818255,""sentiment_volatility"":0.2896972041,""momentum"":1.7157711846,""momentum_acceleration"":-0.9826397928,""sentiment_zscore_x_volatility"":-0.9868087082}"
2026-05-21 17:10:49,0.0,NO TRADE,0.6466666460037231,"{""volatility"":0.3369774992,""sentiment_roll_5"":-0.3377405373,""sentiment_roll_10"":1.560501205,""sentiment_zscore"":-1.0178762292,""sentiment_momentum"":-0.5778818255,""sentiment_volatility"":0.2896972041,""momentum"":1.7157711846,""momentum_acceleration"":-0.9826397928,""sentiment_zscore_x_volatility"":-0.9868087082}"
2026-05-21 17:10:49,0.0,NO TRADE,0.6466666460037231,"{""volatility"":0.3369774992,""sentiment_roll_5"":-0.3377405373,""sentiment_roll_10"":1.560501205,""sentiment_zscore"":-1.0178762292,""sentiment_momentum"":-0.5778818255,""sentiment_volatility"":0.2896972041,""momentum"":1.7157711846,""momentum_acceleration"":-0.9826397928,""sentiment_zscore_x_volatility"":-0.9868087082}"
2026-05-21 17:10:50,0.0,NO TRADE,0.6466666460037231,"{""volatility"":0.3369774992,""sentiment_roll_5"":-0.3377405373,""sentiment_roll_10"":1.560501205,""sentiment_zscore"":-1.0178762292,""sentiment_momentum"":-0.5778818255,""sentiment_volatility"":0.2896972041,""momentum"":1.7157711846,""momentum_acceleration"":-0.9826397928,""sentiment_zscore_x_volatility"":-0.9868087082}"
2026-05-21 17:10:50,0.0,NO TRADE,0.6466666460037231,"{""volatility"":0.3369774992,""sentiment_roll_5"":-0.3377405373,""sentiment_roll_10"":1.560501205,""sentiment_zscore"":-1.0178762292,""sentiment_momentum"":-0.5778818255,""sentiment_volatility"":0.2896972041,""momentum"":1.7157711846,""momentum_acceleration"":-0.9826397928,""sentiment_zscore_x_volatility"":-0.9868087082}"
2026-05-21 17:10:51,0.0,NO TRADE,0.6466666460037231,"{""volatility"":0.3369774992,""sentiment_roll_5"":-0.3377405373,""sentiment_roll_10"":1.560501205,""sentiment_zscore"":-1.0178762292,""sentiment_momentum"":-0.5778818255,""sentiment_volatility"":0.2896972041,""momentum"":1.7157711846,""momentum_acceleration"":-0.9826397928,""sentiment_zscore_x_volatility"":-0.9868087082}"
2026-05-21 17:11:53,0.0,NO TRADE,0.6466666460037231,"{""volatility"":0.3369774992,""sentiment_roll_5"":-0.3377405373,""sentiment_roll_10"":1.560501205,""sentiment_zscore"":-1.0178762292,""sentiment_momentum"":-0.5778818255,""sentiment_volatility"":0.2896972041,""momentum"":1.7157711846,""momentum_acceleration"":-0.9826397928,""sentiment_zscore_x_volatility"":-0.9868087082}"
2026-05-21 17:11:54,0.0,NO TRADE,0.6466666460037231,"{""volatility"":0.3369774992,""sentiment_roll_5"":-0.3377405373,""sentiment_roll_10"":1.560501205,""sentiment_zscore"":-1.0178762292,""sentiment_momentum"":-0.5778818255,""sentiment_volatility"":0.2896972041,""momentum"":1.7157711846,""momentum_acceleration"":-0.9826397928,""sentiment_zscore_x_volatility"":-0.9868087082}"
2026-05-21 17:11:55,0.0,NO TRADE,0.6466666460037231,"{""volatility"":0.3369774992,""sentiment_roll_5"":-0.3377405373,""sentiment_roll_10"":1.560501205,""sentiment_zscore"":-1.0178762292,""sentiment_momentum"":-0.5778818255,""sentiment_volatility"":0.2896972041,""momentum"":1.7157711846,""momentum_acceleration"":-0.9826397928,""sentiment_zscore_x_volatility"":-0.9868087082}"
2026-05-21 17:11:56,0.0,NO TRADE,0.6466666460037231,"{""volatility"":0.3369774992,""sentiment_roll_5"":-0.3377405373,""sentiment_roll_10"":1.560501205,""sentiment_zscore"":-1.0178762292,""sentiment_momentum"":-0.5778818255,""sentiment_volatility"":0.2896972041,""momentum"":1.7157711846,""momentum_acceleration"":-0.9826397928,""sentiment_zscore_x_volatility"":-0.9868087082}"
2026-05-21 17:11:57,0.0,NO TRADE,0.6466666460037231,"{""volatility"":0.3369774992,""sentiment_roll_5"":-0.3377405373,""sentiment_roll_10"":1.560501205,""sentiment_zscore"":-1.0178762292,""sentiment_momentum"":-0.5778818255,""sentiment_volatility"":0.2896972041,""momentum"":1.7157711846,""momentum_acceleration"":-0.9826397928,""sentiment_zscore_x_volatility"":-0.9868087082}"
2026-05-21 17:11:57,0.0,NO TRADE,0.6466666460037231,"{""volatility"":0.3369774992,""sentiment_roll_5"":-0.3377405373,""sentiment_roll_10"":1.560501205,""sentiment_zscore"":-1.0178762292,""sentiment_momentum"":-0.5778818255,""sentiment_volatility"":0.2896972041,""momentum"":1.7157711846,""momentum_acceleration"":-0.9826397928,""sentiment_zscore_x_volatility"":-0.9868087082}"
2026-05-21 17:11:58,0.0,NO TRADE,0.6466666460037231,"{""volatility"":0.3369774992,""sentiment_roll_5"":-0.3377405373,""sentiment_roll_10"":1.560501205,""sentiment_zscore"":-1.0178762292,""sentiment_momentum"":-0.5778818255,""sentiment_volatility"":0.2896972041,""momentum"":1.7157711846,""momentum_acceleration"":-0.9826397928,""sentiment_zscore_x_volatility"":-0.9868087082}"
2026-05-21 17:11:59,0.0,NO TRADE,0.6466666460037231,"{""volatility"":0.3369774992,""sentiment_roll_5"":-0.3377405373,""sentiment_roll_10"":1.560501205,""sentiment_zscore"":-1.0178762292,""sentiment_momentum"":-0.5778818255,""sentiment_volatility"":0.2896972041,""momentum"":1.7157711846,""momentum_acceleration"":-0.9826397928,""sentiment_zscore_x_volatility"":-0.9868087082}"
2026-05-21 17:12:00,0.0,NO TRADE,0.6466666460037231,"{""volatility"":0.3369774992,""sentiment_roll_5"":-0.3377405373,""sentiment_roll_10"":1.560501205,""sentiment_zscore"":-1.0178762292,""sentiment_momentum"":-0.5778818255,""sentiment_volatility"":0.2896972041,""momentum"":1.7157711846,""momentum_acceleration"":-0.9826397928,""sentiment_zscore_x_volatility"":-0.9868087082}"
2026-05-21 17:12:00,0.0,NO TRADE,0.6466666460037231,"{""volatility"":0.3369774992,""sentiment_roll_5"":-0.3377405373,""sentiment_roll_10"":1.560501205,""sentiment_zscore"":-1.0178762292,""sentiment_momentum"":-0.5778818255,""sentiment_volatility"":0.2896972041,""momentum"":1.7157711846,""momentum_acceleration"":-0.9826397928,""sentiment_zscore_x_volatility"":-0.9868087082}"
2026-05-21 17:12:01,0.0,NO TRADE,0.6466666460037231,"{""volatility"":0.3369774992,""sentiment_roll_5"":-0.3377405373,""sentiment_roll_10"":1.560501205,""sentiment_zscore"":-1.0178762292,""sentiment_momentum"":-0.5778818255,""sentiment_volatility"":0.2896972041,""momentum"":1.7157711846,""momentum_acceleration"":-0.9826397928,""sentiment_zscore_x_volatility"":-0.9868087082}"
2026-05-21 17:12:02,0.0,NO TRADE,0.6466666460037231,"{""volatility"":0.3369774992,""sentiment_roll_5"":-0.3377405373,""sentiment_roll_10"":1.560501205,""sentiment_zscore"":-1.0178762292,""sentiment_momentum"":-0.5778818255,""sentiment_volatility"":0.2896972041,""momentum"":1.7157711846,""momentum_acceleration"":-0.9826397928,""sentiment_zscore_x_volatility"":-0.9868087082}"
2026-05-21 17:12:02,0.0,NO TRADE,0.6466666460037231,"{""volatility"":0.3369774992,""sentiment_roll_5"":-0.3377405373,""sentiment_roll_10"":1.560501205,""sentiment_zscore"":-1.0178762292,""sentiment_momentum"":-0.5778818255,""sentiment_volatility"":0.2896972041,""momentum"":1.7157711846,""momentum_acceleration"":-0.9826397928,""sentiment_zscore_x_volatility"":-0.9868087082}"
2026-05-21 17:12:02,0.0,NO TRADE,0.6466666460037231,"{""volatility"":0.3369774992,""sentiment_roll_5"":-0.3377405373,""sentiment_roll_10"":1.560501205,""sentiment_zscore"":-1.0178762292,""sentiment_momentum"":-0.5778818255,""sentiment_volatility"":0.2896972041,""momentum"":1.7157711846,""momentum_acceleration"":-0.9826397928,""sentiment_zscore_x_volatility"":-0.9868087082}"
2026-05-21 17:12:03,0.0,NO TRADE,0.6466666460037231,"{""volatility"":0.3369774992,""sentiment_roll_5"":-0.3377405373,""sentiment_roll_10"":1.560501205,""sentiment_zscore"":-1.0178762292,""sentiment_momentum"":-0.5778818255,""sentiment_volatility"":0.2896972041,""momentum"":1.7157711846,""momentum_acceleration"":-0.9826397928,""sentiment_zscore_x_volatility"":-0.9868087082}"
2026-05-21 17:12:03,0.0,NO TRADE,0.6466666460037231,"{""volatility"":0.3369774992,""sentiment_roll_5"":-0.3377405373,""sentiment_roll_10"":1.560501205,""sentiment_zscore"":-1.0178762292,""sentiment_momentum"":-0.5778818255,""sentiment_volatility"":0.2896972041,""momentum"":1.7157711846,""momentum_acceleration"":-0.9826397928,""sentiment_zscore_x_volatility"":-0.9868087082}"
2026-05-21 17:12:04,0.0,NO TRADE,0.6466666460037231,"{""volatility"":0.3369774992,""sentiment_roll_5"":-0.3377405373,""sentiment_roll_10"":1.560501205,""sentiment_zscore"":-1.0178762292,""sentiment_momentum"":-0.5778818255,""sentiment_volatility"":0.2896972041,""momentum"":1.7157711846,""momentum_acceleration"":-0.9826397928,""sentiment_zscore_x_volatility"":-0.9868087082}"
2026-05-21 17:12:04,0.0,NO TRADE,0.6466666460037231,"{""volatility"":0.3369774992,""sentiment_roll_5"":-0.3377405373,""sentiment_roll_10"":1.560501205,""sentiment_zscore"":-1.0178762292,""sentiment_momentum"":-0.5778818255,""sentiment_volatility"":0.2896972041,""momentum"":1.7157711846,""momentum_acceleration"":-0.9826397928,""sentiment_zscore_x_volatility"":-0.9868087082}"
2026-05-21 17:12:05,0.0,NO TRADE,0.6466666460037231,"{""volatility"":0.3369774992,""sentiment_roll_5"":-0.3377405373,""sentiment_roll_10"":1.560501205,""sentiment_zscore"":-1.0178762292,""sentiment_momentum"":-0.5778818255,""sentiment_volatility"":0.2896972041,""momentum"":1.7157711846,""momentum_acceleration"":-0.9826397928,""sentiment_zscore_x_volatility"":-0.9868087082}"
2026-05-21 17:12:05,0.0,NO TRADE,0.6466666460037231,"{""volatility"":0.3369774992,""sentiment_roll_5"":-0.3377405373,""sentiment_roll_10"":1.560501205,""sentiment_zscore"":-1.0178762292,""sentiment_momentum"":-0.5778818255,""sentiment_volatility"":0.2896972041,""momentum"":1.7157711846,""momentum_acceleration"":-0.9826397928,""sentiment_zscore_x_volatility"":-0.9868087082}"
2026-05-21 17:12:06,0.0,NO TRADE,0.6466666460037231,"{""volatility"":0.3369774992,""sentiment_roll_5"":-0.3377405373,""sentiment_roll_10"":1.560501205,""sentiment_zscore"":-1.0178762292,""sentiment_momentum"":-0.5778818255,""sentiment_volatility"":0.2896972041,""momentum"":1.7157711846,""momentum_acceleration"":-0.9826397928,""sentiment_zscore_x_volatility"":-0.9868087082}"
2026-05-21 17:12:06,0.0,NO TRADE,0.6466666460037231,"{""volatility"":0.3369774992,""sentiment_roll_5"":-0.3377405373,""sentiment_roll_10"":1.560501205,""sentiment_zscore"":-1.0178762292,""sentiment_momentum"":-0.5778818255,""sentiment_volatility"":0.2896972041,""momentum"":1.7157711846,""momentum_acceleration"":-0.9826397928,""sentiment_zscore_x_volatility"":-0.9868087082}"
2026-05-21 17:12:06,0.0,NO TRADE,0.6466666460037231,"{""volatility"":0.3369774992,""sentiment_roll_5"":-0.3377405373,""sentiment_roll_10"":1.560501205,""sentiment_zscore"":-1.0178762292,""sentiment_momentum"":-0.5778818255,""sentiment_volatility"":0.2896972041,""momentum"":1.7157711846,""momentum_acceleration"":-0.9826397928,""sentiment_zscore_x_volatility"":-0.9868087082}"
2026-05-21 17:12:07,0.0,NO TRADE,0.6466666460037231,"{""volatility"":0.3369774992,""sentiment_roll_5"":-0.3377405373,""sentiment_roll_10"":1.560501205,""sentiment_zscore"":-1.0178762292,""sentiment_momentum"":-0.5778818255,""sentiment_volatility"":0.2896972041,""momentum"":1.7157711846,""momentum_acceleration"":-0.9826397928,""sentiment_zscore_x_volatility"":-0.9868087082}"
2026-05-21 17:12:07,0.0,NO TRADE,0.6466666460037231,"{""volatility"":0.3369774992,""sentiment_roll_5"":-0.3377405373,""sentiment_roll_10"":1.560501205,""sentiment_zscore"":-1.0178762292,""sentiment_momentum"":-0.5778818255,""sentiment_volatility"":0.2896972041,""momentum"":1.7157711846,""momentum_acceleration"":-0.9826397928,""sentiment_zscore_x_volatility"":-0.9868087082}"
2026-05-21 17:12:08,0.0,NO TRADE,0.6466666460037231,"{""volatility"":0.3369774992,""sentiment_roll_5"":-0.3377405373,""sentiment_roll_10"":1.560501205,""sentiment_zscore"":-1.0178762292,""sentiment_momentum"":-0.5778818255,""sentiment_volatility"":0.2896972041,""momentum"":1.7157711846,""momentum_acceleration"":-0.9826397928,""sentiment_zscore_x_volatility"":-0.9868087082}"
2026-05-21 17:12:08,0.0,NO TRADE,0.6466666460037231,"{""volatility"":0.3369774992,""sentiment_roll_5"":-0.3377405373,""sentiment_roll_10"":1.560501205,""sentiment_zscore"":-1.0178762292,""sentiment_momentum"":-0.5778818255,""sentiment_volatility"":0.2896972041,""momentum"":1.7157711846,""momentum_acceleration"":-0.9826397928,""sentiment_zscore_x_volatility"":-0.9868087082}"
2026-05-21 17:15:29,0.0,NO TRADE,0.6466666460037231,"{""volatility"":0.3369774992,""sentiment_roll_5"":-0.3377405373,""sentiment_roll_10"":1.560501205,""sentiment_zscore"":-1.0178762292,""sentiment_momentum"":-0.5778818255,""sentiment_volatility"":0.2896972041,""momentum"":1.7157711846,""momentum_acceleration"":-0.9826397928,""sentiment_zscore_x_volatility"":-0.9868087082}"
2026-05-21 17:15:29,0.0,NO TRADE,0.6466666460037231,"{""volatility"":0.3369774992,""sentiment_roll_5"":-0.3377405373,""sentiment_roll_10"":1.560501205,""sentiment_zscore"":-1.0178762292,""sentiment_momentum"":-0.5778818255,""sentiment_volatility"":0.2896972041,""momentum"":1.7157711846,""momentum_acceleration"":-0.9826397928,""sentiment_zscore_x_volatility"":-0.9868087082}"
2026-05-21 17:15:30,0.0,NO TRADE,0.6466666460037231,"{""volatility"":0.3369774992,""sentiment_roll_5"":-0.3377405373,""sentiment_roll_10"":1.560501205,""sentiment_zscore"":-1.0178762292,""sentiment_momentum"":-0.5778818255,""sentiment_volatility"":0.2896972041,""momentum"":1.7157711846,""momentum_acceleration"":-0.9826397928,""sentiment_zscore_x_volatility"":-0.9868087082}"
2026-05-21 17:15:31,0.0,NO TRADE,0.6466666460037231,"{""volatility"":0.3369774992,""sentiment_roll_5"":-0.3377405373,""sentiment_roll_10"":1.560501205,""sentiment_zscore"":-1.0178762292,""sentiment_momentum"":-0.5778818255,""sentiment_volatility"":0.2896972041,""momentum"":1.7157711846,""momentum_acceleration"":-0.9826397928,""sentiment_zscore_x_volatility"":-0.9868087082}"
2026-05-21 17:15:32,0.0,NO TRADE,0.6466666460037231,"{""volatility"":0.3369774992,""sentiment_roll_5"":-0.3377405373,""sentiment_roll_10"":1.560501205,""sentiment_zscore"":-1.0178762292,""sentiment_momentum"":-0.5778818255,""sentiment_volatility"":0.2896972041,""momentum"":1.7157711846,""momentum_acceleration"":-0.9826397928,""sentiment_zscore_x_volatility"":-0.9868087082}"
2026-05-21 17:15:33,0.0,NO TRADE,0.6466666460037231,"{""volatility"":0.3369774992,""sentiment_roll_5"":-0.3377405373,""sentiment_roll_10"":1.560501205,""sentiment_zscore"":-1.0178762292,""sentiment_momentum"":-0.5778818255,""sentiment_volatility"":0.2896972041,""momentum"":1.7157711846,""momentum_acceleration"":-0.9826397928,""sentiment_zscore_x_volatility"":-0.9868087082}"
2026-05-21 17:15:34,0.0,NO TRADE,0.6466666460037231,"{""volatility"":0.3369774992,""sentiment_roll_5"":-0.3377405373,""sentiment_roll_10"":1.560501205,""sentiment_zscore"":-1.0178762292,""sentiment_momentum"":-0.5778818255,""sentiment_volatility"":0.2896972041,""momentum"":1.7157711846,""momentum_acceleration"":-0.9826397928,""sentiment_zscore_x_volatility"":-0.9868087082}"
2026-05-21 17:15:34,0.0,NO TRADE,0.6466666460037231,"{""volatility"":0.3369774992,""sentiment_roll_5"":-0.3377405373,""sentiment_roll_10"":1.560501205,""sentiment_zscore"":-1.0178762292,""sentiment_momentum"":-0.5778818255,""sentiment_volatility"":0.2896972041,""momentum"":1.7157711846,""momentum_acceleration"":-0.9826397928,""sentiment_zscore_x_volatility"":-0.9868087082}"
2026-05-21 17:15:35,0.0,NO TRADE,0.6466666460037231,"{""volatility"":0.3369774992,""sentiment_roll_5"":-0.3377405373,""sentiment_roll_10"":1.560501205,""sentiment_zscore"":-1.0178762292,""sentiment_momentum"":-0.5778818255,""sentiment_volatility"":0.2896972041,""momentum"":1.7157711846,""momentum_acceleration"":-0.9826397928,""sentiment_zscore_x_volatility"":-0.9868087082}"
2026-05-21 17:15:36,0.0,NO TRADE,0.6466666460037231,"{""volatility"":0.3369774992,""sentiment_roll_5"":-0.3377405373,""sentiment_roll_10"":1.560501205,""sentiment_zscore"":-1.0178762292,""sentiment_momentum"":-0.5778818255,""sentiment_volatility"":0.2896972041,""momentum"":1.7157711846,""momentum_acceleration"":-0.9826397928,""sentiment_zscore_x_volatility"":-0.9868087082}"
2026-05-21 17:15:37,0.0,NO TRADE,0.6466666460037231,"{""volatility"":0.3369774992,""sentiment_roll_5"":-0.3377405373,""sentiment_roll_10"":1.560501205,""sentiment_zscore"":-1.0178762292,""sentiment_momentum"":-0.5778818255,""sentiment_volatility"":0.2896972041,""momentum"":1.7157711846,""momentum_acceleration"":-0.9826397928,""sentiment_zscore_x_volatility"":-0.9868087082}"
2026-05-21 17:15:37,0.0,NO TRADE,0.6466666460037231,"{""volatility"":0.3369774992,""sentiment_roll_5"":-0.3377405373,""sentiment_roll_10"":1.560501205,""sentiment_zscore"":-1.0178762292,""sentiment_momentum"":-0.5778818255,""sentiment_volatility"":0.2896972041,""momentum"":1.7157711846,""momentum_acceleration"":-0.9826397928,""sentiment_zscore_x_volatility"":-0.9868087082}"
2026-05-21 17:15:38,0.0,NO TRADE,0.6466666460037231,"{""volatility"":0.3369774992,""sentiment_roll_5"":-0.3377405373,""sentiment_roll_10"":1.560501205,""sentiment_zscore"":-1.0178762292,""sentiment_momentum"":-0.5778818255,""sentiment_volatility"":0.2896972041,""momentum"":1.7157711846,""momentum_acceleration"":-0.9826397928,""sentiment_zscore_x_volatility"":-0.9868087082}"
2026-05-21 17:15:38,0.0,NO TRADE,0.6466666460037231,"{""volatility"":0.3369774992,""sentiment_roll_5"":-0.3377405373,""sentiment_roll_10"":1.560501205,""sentiment_zscore"":-1.0178762292,""sentiment_momentum"":-0.5778818255,""sentiment_volatility"":0.2896972041,""momentum"":1.7157711846,""momentum_acceleration"":-0.9826397928,""sentiment_zscore_x_volatility"":-0.9868087082}"
2026-05-21 17:15:39,0.0,NO TRADE,0.6466666460037231,"{""volatility"":0.3369774992,""sentiment_roll_5"":-0.3377405373,""sentiment_roll_10"":1.560501205,""sentiment_zscore"":-1.0178762292,""sentiment_momentum"":-0.5778818255,""sentiment_volatility"":0.2896972041,""momentum"":1.7157711846,""momentum_acceleration"":-0.9826397928,""sentiment_zscore_x_volatility"":-0.9868087082}"
2026-05-21 17:15:39,0.0,NO TRADE,0.6466666460037231,"{""volatility"":0.3369774992,""sentiment_roll_5"":-0.3377405373,""sentiment_roll_10"":1.560501205,""sentiment_zscore"":-1.0178762292,""sentiment_momentum"":-0.5778818255,""sentiment_volatility"":0.2896972041,""momentum"":1.7157711846,""momentum_acceleration"":-0.9826397928,""sentiment_zscore_x_volatility"":-0.9868087082}"
2026-05-21 17:15:39,0.0,NO TRADE,0.6466666460037231,"{""volatility"":0.3369774992,""sentiment_roll_5"":-0.3377405373,""sentiment_roll_10"":1.560501205,""sentiment_zscore"":-1.0178762292,""sentiment_momentum"":-0.5778818255,""sentiment_volatility"":0.2896972041,""momentum"":1.7157711846,""momentum_acceleration"":-0.9826397928,""sentiment_zscore_x_volatility"":-0.9868087082}"
2026-05-21 17:15:40,0.0,NO TRADE,0.6466666460037231,"{""volatility"":0.3369774992,""sentiment_roll_5"":-0.3377405373,""sentiment_roll_10"":1.560501205,""sentiment_zscore"":-1.0178762292,""sentiment_momentum"":-0.5778818255,""sentiment_volatility"":0.2896972041,""momentum"":1.7157711846,""momentum_acceleration"":-0.9826397928,""sentiment_zscore_x_volatility"":-0.9868087082}"
2026-05-21 17:15:40,0.0,NO TRADE,0.6466666460037231,"{""volatility"":0.3369774992,""sentiment_roll_5"":-0.3377405373,""sentiment_roll_10"":1.560501205,""sentiment_zscore"":-1.0178762292,""sentiment_momentum"":-0.5778818255,""sentiment_volatility"":0.2896972041,""momentum"":1.7157711846,""momentum_acceleration"":-0.9826397928,""sentiment_zscore_x_volatility"":-0.9868087082}"
2026-05-21 17:15:41,0.0,NO TRADE,0.6466666460037231,"{""volatility"":0.3369774992,""sentiment_roll_5"":-0.3377405373,""sentiment_roll_10"":1.560501205,""sentiment_zscore"":-1.0178762292,""sentiment_momentum"":-0.5778818255,""sentiment_volatility"":0.2896972041,""momentum"":1.7157711846,""momentum_acceleration"":-0.9826397928,""sentiment_zscore_x_volatility"":-0.9868087082}"
2026-05-21 17:15:41,0.0,NO TRADE,0.6466666460037231,"{""volatility"":0.3369774992,""sentiment_roll_5"":-0.3377405373,""sentiment_roll_10"":1.560501205,""sentiment_zscore"":-1.0178762292,""sentiment_momentum"":-0.5778818255,""sentiment_volatility"":0.2896972041,""momentum"":1.7157711846,""momentum_acceleration"":-0.9826397928,""sentiment_zscore_x_volatility"":-0.9868087082}"
2026-05-21 17:15:42,0.0,NO TRADE,0.6466666460037231,"{""volatility"":0.3369774992,""sentiment_roll_5"":-0.3377405373,""sentiment_roll_10"":1.560501205,""sentiment_zscore"":-1.0178762292,""sentiment_momentum"":-0.5778818255,""sentiment_volatility"":0.2896972041,""momentum"":1.7157711846,""momentum_acceleration"":-0.9826397928,""sentiment_zscore_x_volatility"":-0.9868087082}"
2026-05-21 17:15:42,0.0,NO TRADE,0.6466666460037231,"{""volatility"":0.3369774992,""sentiment_roll_5"":-0.3377405373,""sentiment_roll_10"":1.560501205,""sentiment_zscore"":-1.0178762292,""sentiment_momentum"":-0.5778818255,""sentiment_volatility"":0.2896972041,""momentum"":1.7157711846,""momentum_acceleration"":-0.9826397928,""sentiment_zscore_x_volatility"":-0.9868087082}"
2026-05-21 17:15:43,0.0,NO TRADE,0.6466666460037231,"{""volatility"":0.3369774992,""sentiment_roll_5"":-0.3377405373,""sentiment_roll_10"":1.560501205,""sentiment_zscore"":-1.0178762292,""sentiment_momentum"":-0.5778818255,""sentiment_volatility"":0.2896972041,""momentum"":1.7157711846,""momentum_acceleration"":-0.9826397928,""sentiment_zscore_x_volatility"":-0.9868087082}"
2026-05-21 17:15:43,0.0,NO TRADE,0.6466666460037231,"{""volatility"":0.3369774992,""sentiment_roll_5"":-0.3377405373,""sentiment_roll_10"":1.560501205,""sentiment_zscore"":-1.0178762292,""sentiment_momentum"":-0.5778818255,""sentiment_volatility"":0.2896972041,""momentum"":1.7157711846,""momentum_acceleration"":-0.9826397928,""sentiment_zscore_x_volatility"":-0.9868087082}"
2026-05-21 17:15:44,0.0,NO TRADE,0.6466666460037231,"{""volatility"":0.3369774992,""sentiment_roll_5"":-0.3377405373,""sentiment_roll_10"":1.560501205,""sentiment_zscore"":-1.0178762292,""sentiment_momentum"":-0.5778818255,""sentiment_volatility"":0.2896972041,""momentum"":1.7157711846,""momentum_acceleration"":-0.9826397928,""sentiment_zscore_x_volatility"":-0.9868087082}"
2026-05-21 17:15:44,0.0,NO TRADE,0.6466666460037231,"{""volatility"":0.3369774992,""sentiment_roll_5"":-0.3377405373,""sentiment_roll_10"":1.560501205,""sentiment_zscore"":-1.0178762292,""sentiment_momentum"":-0.5778818255,""sentiment_volatility"":0.2896972041,""momentum"":1.7157711846,""momentum_acceleration"":-0.9826397928,""sentiment_zscore_x_volatility"":-0.9868087082}"
2026-05-26 13:18:52,0.5582291483879089,NO TRADE,0.0863164138211336,{}
2026-05-26 13:33:03,0.0,NO TRADE,0.0,{}
2026-05-26 13:33:04,0.5582291483879089,NO TRADE,0.0863164138211336,{}
2026-06-01 21:07:45,0.5582291483879089,NO TRADE,0.0863164138211336,{}
2026-06-03 02:16:08,0.6666666865348816,NO TRADE,0.8837403163470702,{}
2026-07-06 12:38:52,0.6666666865348816,NO TRADE,0.8837403163470702,{}
2026-07-06 12:39:33,0.6666666865348816,NO TRADE,0.8837403163470702,{}
