date,close,return,volatility
2025-08-04,4070.699951171875,0.0038815549215396256,0.006238809172357289
2025-08-05,4103.4501953125,0.008013168047316699,0.00621890669909631
2025-08-06,4113.47998046875,0.00244124993711676,0.006180953397397644
2025-08-07,4114.669921875,0.00028923668836103897,0.0061408869212579075
2025-08-08,4104.97021484375,-0.002360130461277517,0.006194941310488843
2025-08-11,4122.509765625,0.0042636572543489955,0.0062337037275051466
2025-08-12,4143.830078125,0.005158355494290488,0.006288068850147777
2025-08-13,4176.580078125,0.007872248727536665,0.006347524825016557
2025-08-14,4173.31005859375,-0.0007832485565394304,0.00627674982752618
2025-08-15,4202.35009765625,0.006934415888236022,0.006315785411388821
2025-08-18,4239.41015625,0.008780229612372454,0.0064202186480781945
2025-08-19,4223.3701171875,-0.003790730174172236,0.0063593628265283435
2025-08-20,4271.39990234375,0.011308204192474936,0.006736532921570693
2025-08-21,4288.06982421875,0.0038950877761028922,0.0066423291737074605
2025-08-22,4378.0,0.02075529183164316,0.007682406791507721
2025-08-25,4469.22021484375,0.02062194572606629,0.008632165853120306
2025-08-26,4452.58984375,-0.003728030578001818,0.008797970775866283
2025-08-27,4386.1298828125,-0.015038651647150963,0.009705054961281427
2025-08-28,4463.77978515625,0.017548629978395566,0.008875978291436324
2025-08-29,4496.759765625,0.007361192750949199,0.008597074871981261
2025-09-01,4523.7099609375,0.005975359669126702,0.008593291709564447
2025-09-02,4490.4501953125,-0.0073794820556215964,0.009014220237642407
2025-09-03,4459.830078125,-0.006842296713361859,0.009358596056352546
2025-09-04,4365.2099609375,-0.02144437707971427,0.010944694850944924
2025-09-05,4460.330078125,0.02155648269032347,0.01161914604502596
2025-09-08,4467.56982421875,0.0016218254594794028,0.01163280918668759
2025-09-09,4436.259765625,-0.007032971000698039,0.011886618399208142
2025-09-10,4445.3701171875,0.0020515051579299945,0.011842778988204178
2025-09-11,4548.0400390625,0.022833248054842926,0.0125872464030731
2025-09-12,4522.0,-0.005742005657457801,0.012765469838106863
2025-09-15,4533.06005859375,0.002442847208579198,0.012710364137950805
2025-09-16,4523.33984375,-0.0021465965904834032,0.01266700144905248
2025-09-17,4551.02001953125,0.006100763481135802,0.01254953459905862
2025-09-18,4498.10986328125,-0.011694109798150226,0.012978941722353901
2025-09-19,4501.919921875,0.0008466769360343221,0.012238693697206015
2025-09-22,4522.60986328125,0.0045852754988611275,0.011410036428060662
2025-09-23,4519.77978515625,-0.0006259580326527624,0.01136920671091335
2025-09-24,4566.06982421875,0.010189567638924401,0.010915889549263315
2025-09-25,4593.490234375,0.005987294563058239,0.010340694579734033
2025-09-26,4550.0498046875,-0.009501955772969271,0.010517790067932352
2025-09-29,4620.0498046875,0.015267306282814886,0.010963998563196586
2025-09-30,4640.68994140625,0.0044575641819245065,0.010803116290223616
2025-10-09,4709.47998046875,0.014714444936319723,0.010985538093117744
2025-10-10,4616.830078125,-0.01986915506660583,0.01080734913343187
2025-10-13,4593.97998046875,-0.004961592821198274,0.009980414724204915
2025-10-14,4539.06005859375,-0.012026791434970254,0.010426585913577993
2025-10-15,4606.2900390625,0.014702814185116568,0.010697126254085672
2025-10-16,4618.419921875,0.002629869091805187,0.010698394399325037
2025-10-17,4514.22998046875,-0.02281801298067762,0.010867866067725992
2025-10-20,4538.22021484375,0.005300286667274102,0.010861242127057849
2025-10-21,4607.8701171875,0.015230824592187489,0.011366201381809412
2025-10-22,4592.56982421875,-0.0033259946634759544,0.011385437275989192
2025-10-23,4606.35009765625,0.0029960655952321314,0.011329807811787088
2025-10-24,4660.68017578125,0.011725590400578552,0.01120135836683155
2025-10-27,4716.02001953125,0.011803829735263175,0.011419388692576927
2025-10-28,4691.97021484375,-0.005112644991141416,0.011523696412621869
2025-10-29,4747.83984375,0.011837162172026261,0.011718760285874938
2025-10-30,4709.91015625,-0.008020912130352045,0.011793905522491295
2025-10-31,4640.669921875,-0.014810097209381397,0.01228862937144567
2025-11-03,4653.39990234375,0.00273937869420027,0.012066511754280022
2025-11-04,4618.7001953125,-0.007484791721729096,0.011730668408694243
2025-11-05,4627.259765625,0.001851527108911427,0.011692790421581188
2025-11-06,4693.39990234375,0.014192396086975059,0.011658405368487855
2025-11-07,4678.7900390625,-0.0031177078583983294,0.010733826365799821
2025-11-10,4695.0498046875,0.0034691827903029957,0.010666500025969826
2025-11-11,4652.169921875,-0.009174960013449172,0.010499708309281229
2025-11-12,4645.91015625,-0.0013464643277176383,0.010018136850784091
2025-11-13,4702.06982421875,0.01201550361531783,0.010341310896527204
2025-11-14,4628.14013671875,-0.0158477108423978,0.00959017773866678
2025-11-17,4598.0498046875,-0.006522830965081946,0.00969098172480494
2025-11-18,4568.18994140625,-0.006515205740272207,0.009175752755081435
2025-11-19,4588.2900390625,0.004390361795222618,0.009209845690562076
2025-11-20,4564.9501953125,-0.005099810283067299,0.00924691581520534
2025-11-21,4453.60986328125,-0.024692631308915122,0.010253745668694752
2025-11-24,4448.0498046875,-0.0012492185781530745,0.009711730056231159
2025-11-25,4490.41015625,0.009478292430243394,0.010079804313230599
2025-11-26,4517.6298828125,0.006043447695727341,0.009732565486493367
2025-11-27,4515.39990234375,-0.0004937392142149524,0.009652437276102582
2025-11-28,4526.66015625,0.0024906403306692447,0.009219789617422248
2025-12-01,4576.490234375,0.010947984752176898,0.009582026406620226
2025-12-02,4554.330078125,-0.004853934038909306,0.00950364580046663
2025-12-03,4531.0498046875,-0.005124788327942349,0.009532981716755156
2025-12-04,4546.56982421875,0.003419406251378305,0.008910393396015138
2025-12-05,4584.5400390625,0.00831671818031174,0.009170205991671542
2025-12-08,4621.75,0.008083639208373546,0.009345408441994026
2025-12-09,4598.22021484375,-0.0051041024408599615,0.009196239256176079
2025-12-10,4591.830078125,-0.0013906643695928388,0.009196437637874736
2025-12-11,4552.18994140625,-0.00867023146402057,0.008861805262490089
2025-12-12,4580.9501953125,0.0062980198574446675,0.008359782854870856
2025-12-15,4552.06005859375,-0.006326552204976548,0.008352467615603529
2025-12-16,4497.56005859375,-0.012044850102092833,0.00864825400151538
2025-12-17,4579.8798828125,0.018137730795701423,0.009577185909242742
2025-12-18,4552.7900390625,-0.005932530888288435,0.009601882274384977
2025-12-19,4568.18017578125,0.0033746741765446984,0.007682814021296124
2025-12-22,4611.6201171875,0.009464316057914637,0.007869155036258187
2025-12-23,4620.72998046875,0.0019734663745356387,0.007660188867466154
2025-12-24,4634.06005859375,0.0028806893050832972,0.00759229027227729
2025-12-25,4642.5400390625,0.0018282523212193934,0.007581609297492127
2025-12-26,4657.240234375,0.0031614096513492996,0.007588222633430899
2025-12-29,4639.3701171875,-0.0038444419033055125,0.007327272667238749
2025-12-30,4651.27978515625,0.002563797929642068,0.007219230210610364
2025-12-31,4629.93994140625,-0.004598507951226229,0.00719644952102624
2026-01-05,4717.75,0.01878809463157792,0.00820878154596261
2026-01-06,4790.68994140625,0.015342447895166162,0.008639219975327262
2026-01-07,4776.669921875,-0.002930804269337095,0.008595321426667744
2026-01-08,4737.64990234375,-0.008202423089266034,0.008749961174921921
2026-01-09,4758.919921875,0.004479523763253526,0.008746573638848123
2026-01-12,4789.919921875,0.006492958184797176,0.008444373833058511
2026-01-13,4761.02978515625,-0.00604970724740297,0.008605410059392313
2026-01-14,4741.93017578125,-0.004019723364384905,0.008503809791262733
2026-01-15,4751.43017578125,0.0020013994664250883,0.007832604093115165
2026-01-16,4731.8701171875,-0.00412516438944932,0.007075342172455184
2026-01-19,4734.4599609375,0.0005471695563626225,0.006855651787843986
2026-01-20,4718.8798828125,-0.003296209062398852,0.006944714958627573
2026-01-21,4723.06982421875,0.0008875162040228456,0.006695347603573407
2026-01-22,4723.7099609375,0.00013552485276203507,0.006696698968530315
2026-01-23,4702.5,-0.004500217334570136,0.0067961611033189
2026-01-26,4706.9599609375,0.0009479739092385052,0.006791543811754902
2026-01-27,4705.68994140625,-0.0002698537717079621,0.006769103198348195
2026-01-28,4717.990234375,0.0026105087873529416,0.006703752485170963
2026-01-29,4753.8701171875,0.0075761367037934105,0.006863371022260857
2026-01-30,4706.33984375,-0.010048545132431393,0.0072010356142746075
2026-02-02,4605.97998046875,-0.021555047703036026,0.0075446757877083185
2026-02-03,4660.10986328125,0.011683568684818556,0.007156864563070721
2026-02-04,4698.68017578125,0.008242631945832852,0.00745929598750178
2026-02-05,4670.419921875,-0.006032668947527937,0.007361459520319898
2026-02-06,4643.60009765625,-0.005759038157349034,0.007337203095410453
2026-02-09,4719.06005859375,0.016119691125960525,0.008141911730778089
2026-02-10,4724.2998046875,0.0011097208424396356,0.008053321995953369
2026-02-11,4713.81982421875,-0.002220778118513857,0.008020595178528036
2026-02-12,4719.580078125,0.0012212467788508153,0.008010718317990068
2026-02-13,4660.41015625,-0.012616368513767,0.008435826652820114
2026-02-24,4707.5400390625,0.010062026263055081,0.008774956593349433
2026-02-25,4735.89013671875,0.006004212939209045,0.008853073674050591
2026-02-26,4726.8701171875,-0.0019064251911977146,0.008863357894650344
2026-02-27,4710.64990234375,-0.003437392616118379,0.008897277921965166
2026-03-02,4728.669921875,0.003818080488371121,0.008877050930152303
2026-03-03,4655.89990234375,-0.015508750949794887,0.009548913135048699
2026-03-04,4602.6298828125,-0.011507357776575213,0.009857480970545073
2026-03-05,4647.68994140625,0.009742455581514955,0.010124435049047486
2026-03-06,4660.43994140625,0.00273954234302266,0.009971686607938107
2026-03-09,4615.4599609375,-0.009698322211383099,0.009955240271251513
2026-03-10,4674.759765625,0.012766244891099706,0.009146215022743149
2026-03-11,4704.5,0.0063417230764773,0.008884091335888442
2026-03-12,4687.56005859375,-0.0036072937502335074,0.008732574646814083
2026-03-13,4669.14013671875,-0.003937273886339473,0.008670231375730397
2026-03-16,4671.56005859375,0.0005181457232413862,0.008564274520548809
2026-03-17,4637.43994140625,-0.00733059834182017,0.007860842649782292
2026-03-18,4658.330078125,0.004494554370790937,0.007941782757262386
2026-03-19,4583.25,-0.016248678119324907,0.008669026673346432
2026-03-20,4567.02001953125,-0.0035474357487482156,0.008658579400526546
2026-03-23,4418.0,-0.033173812714323875,0.010947477704158399
2026-03-24,4474.72021484375,0.012756722951697046,0.011127535121388398
2026-03-25,4537.47021484375,0.013925807398039182,0.011579333488333622
2026-03-26,4477.52978515625,-0.013298128232523548,0.01184438344964966
2026-03-27,4502.56982421875,0.00557679871015839,0.011985892357296742
2026-03-30,4491.9501953125,-0.00236135642986632,0.01190033721709874
2026-03-31,4450.0498046875,-0.009371661215305005,0.011625027981680004
2026-04-01,4526.06982421875,0.016938686269434178,0.012161972588420764
2026-04-02,4478.91015625,-0.010474226311490255,0.012076085576254312
2026-04-03,4440.7900390625,-0.008547450797008678,0.012114014948211389
2026-04-07,4440.6201171875,-3.826461609837159e-05,0.01200033415224892
2026-04-08,4595.56005859375,0.034296600006591564,0.014159614868549315
2026-04-09,4566.22021484375,-0.006404856517615714,0.014105429863477362
2026-04-10,4636.56982421875,0.015289054613491145,0.01458110483091011
2026-04-13,4646.16015625,0.002066274784159774,0.014569425962666744
2026-04-14,4701.27978515625,0.01179366075304301,0.01481663986815552
2026-04-15,4685.25,-0.003415490304979345,0.014735924918071871
2026-04-16,4736.60986328125,0.010902385039371479,0.014895844993730204
2026-04-17,4728.669921875,-0.001677698588701565,0.014363211826732678
2026-04-20,4757.43994140625,0.006065733616291793,0.014344072823701544
2026-04-21,4768.0,0.002217233636435073,0.011712602174224606
2026-04-22,4799.6298828125,0.006611877430445493,0.011545012878844777
2026-04-23,4786.330078125,-0.0027748526544077233,0.01135398946883913
2026-04-24,4769.3701171875,-0.0035497092624130516,0.010829555267730323
2026-04-27,4770.9501953125,0.0003312421570116028,0.01083139006331456
2026-04-28,4758.2099609375,-0.0026739485447099297,0.01083959635719973
2026-04-29,4810.35009765625,0.010898327955487291,0.0105783247336766
2026-04-30,4807.31005859375,-0.000632178537057223,0.010159152341206295
2026-05-06,4877.08984375,0.01441101018029342,0.009941793097241889
2026-05-07,4900.509765625,0.004790535018762086,0.009473905274811258
2026-05-08,4871.91015625,-0.005853144104285048,0.00972027324927984
2026-05-11,4951.83984375,0.016273103726500385,0.007379091495276573
2026-05-12,4948.0498046875,-0.0007656730291450899,0.007072689922225858
2026-05-13,4998.33984375,0.010112305949989442,0.006724553661109299
2026-05-14,4914.60009765625,-0.01689543941140565,0.008159086358499854
2026-05-15,4859.58984375,-0.011256346577234207,0.008445999084761803
2026-05-18,4833.52001953125,-0.005379055317773741,0.008519149258471971
2026-05-19,4852.8798828125,0.003997334253217352,0.008256378867324981
2026-05-20,4850.7001953125,-0.00044925429977621536,0.008238295342639394
2026-05-21,4783.10009765625,-0.014034172419702536,0.00882788050186908
2026-05-22,4845.10009765625,0.012879012843439508,0.009262919850030882
2026-05-25,4921.60009765625,0.01566579561122654,0.009769205613957159
2026-05-26,4947.85009765625,0.005319457797419995,0.009761143519191343
2026-05-27,4908.169921875,-0.008052010870649363,0.00993791840196333
2026-05-28,4914.2099609375,0.001229852621437332,0.009934699495139762
2026-05-29,4892.1201171875,-0.004505228956662394,0.00998331284501123
2026-06-01,4844.259765625,-0.009831320805597026,0.01001996197212679
2026-06-02,4914.56005859375,0.014407789125008407,0.01049536959508318
2026-06-03,4938.81005859375,0.004922183714222448,0.010067896692463994
2026-06-04,4904.75,-0.006920300037889506,0.010153297883525602
2026-06-05,4816.919921875,-0.018069419874707258,0.010868929745850277
2026-06-08,4713.64013671875,-0.021674241106182855,0.01108441846277279
2026-06-09,4801.81005859375,0.01853248003364487,0.012038983588824211
2026-06-10,4748.58984375,-0.011145243401112514,0.011897357211293693
2026-06-11,4722.41015625,-0.005528403374085202,0.011439330254983626
2026-06-12,4777.31982421875,0.01156038742209574,0.011603612753783785
2026-06-15,4891.7099609375,0.023662244605976834,0.012766355105390105
2026-06-16,4884.22998046875,-0.0015302839365383147,0.012748718944163172
2026-06-17,4931.39013671875,0.00960927961289061,0.012914022495107659
2026-06-18,4941.60009765625,0.0020682618608400707,0.012431829451717995
2026-06-22,5059.66015625,0.023610133085786727,0.013153516812007514
2026-06-23,4919.39013671875,-0.02811475137784062,0.014375010592169956
2026-06-24,4943.02001953125,0.004791917524180778,0.014365173336411791
2026-06-25,5020.10009765625,0.015473388883254538,0.014635972667327208
2026-06-26,4868.22021484375,-0.030721461943230527,0.016276104095983037
2026-06-29,4926.919921875,0.011985619178374936,0.01647739435278568
2026-06-30,4979.43017578125,0.010601431443769361,0.016446025460895807
2026-07-01,4958.97998046875,-0.004115391466800174,0.016193139597949747
2026-07-02,4812.2998046875,-0.03002497076645317,0.017516591061482494
2026-07-03,4842.169921875,0.006187851501485015,0.017540345709090716
