date,sentiment_mean,sentiment_std,article_count
2026-04-22,0.1278298749276337,0.4890011500174969,188
2026-04-23,0.0877351844014647,0.5234887717300559,195
2026-04-24,0.0388960412852009,0.5175746555957769,163
2026-04-25,0.066354722208729,0.4583780246622183,157
2026-04-26,-0.01693086216581,0.4754688403713505,105
2026-04-27,0.1368038811475559,0.5097940611705023,186
2026-04-28,0.0396139254623086,0.4416974282415514,153
2026-04-29,0.0363977191934608,0.5904219857280414,159
2026-04-30,0.1252697847040865,0.5419102720952641,158
2026-05-01,-0.0016202313239656,0.559554190985831,124
2026-05-02,-0.0516118805320349,0.5410230114585208,134
2026-05-03,0.0333701104713747,0.4954489204215838,130
2026-05-04,0.0470597697625847,0.4906641181927393,137
2026-05-05,-0.0237631448467804,0.5307920402469365,182
2026-05-06,-0.0100454006641477,0.542530006064628,119
2026-05-07,0.0931858102740327,0.5067504146253536,147
2026-05-08,0.0492362498175125,0.5246171369024577,164
2026-05-09,0.0151805991510954,0.513939719768789,178
2026-05-10,0.0271050449391758,0.4828567147747853,135
2026-05-11,0.0392756251173771,0.5467346951861648,132
2026-05-12,-0.015750165964754,0.5229145843334729,131
2026-05-13,0.0668854981353929,0.4128835253033412,176
2026-05-14,0.0608225842503209,0.4407074781266053,150
2026-05-15,0.0812134474223843,0.542575195758692,169
2026-05-16,-0.0115807148690025,0.471403757044169,150
2026-05-17,0.1036950452158189,0.4538121260823334,147
2026-05-18,-0.0392066684210359,0.5434485635223104,202
2026-05-19,0.1114761162588888,0.5291498715810672,188
2026-05-20,0.1755355061254949,0.4873147899677861,167
2026-05-21,0.0464722177363,0.4827915594613866,160
2026-05-22,0.1196255907906513,0.5283315357843794,152
2026-05-23,-0.0137887698059019,0.4915198187845522,152
2026-05-24,0.0404356979039114,0.4452622956624411,136
2026-05-25,0.1149590462219849,0.4959028663788055,144
2026-05-26,0.1335594257032983,0.5161053316822721,173
2026-05-27,0.1197536206613718,0.5034889354880228,132
2026-05-28,0.1155043163432189,0.4590309104524467,166
2026-05-29,0.1505054069372514,0.4587247221333576,150
2026-05-30,0.0341047414258355,0.4973762443317759,160
2026-05-31,0.0337827796106007,0.4900905066632067,89
2026-06-01,0.0277071125216873,0.5359336492117674,163
2026-06-02,0.0540704064675876,0.464048108152059,211
2026-06-03,0.0806449859074371,0.4633004157137995,34
2026-06-21,-0.0608936681279114,0.4177996221210351,21
2026-06-22,0.018304737376385,0.472423453349565,61
2026-06-23,0.0486292968423146,0.5237119686783815,69
2026-06-24,0.0129522861474577,0.6007042719027003,17
2026-07-05,0.1440582866586434,0.4676102042871459,72
2026-07-06,0.08684992682515778,0.47735344309910294,131
