family,period,metric,point_increment,ci_lower,ci_upper,bootstrap_probability_increment_gt_zero,resolution_95pct,valid_bootstrap_draws
logistic,2024_validation,balanced_accuracy_improvement,-0.007310241169638576,-0.03381148766988928,0.017020837631524677,0.273,unresolved,5000
logistic,2024_validation,brier_improvement,-0.006699468349611326,-0.013410631380625737,-0.0004450403523413865,0.0184,market_only_better,5000
logistic,2024_validation,log_loss_improvement,-0.025503079513092275,-0.049852316027821066,-0.004655572071005319,0.0068,market_only_better,5000
logistic,2024_validation,calibration_ece_improvement,-0.014321480538871514,-0.0517682814625256,0.023340199805801765,0.2158,unresolved,5000
logistic,2024_validation,roc_auc_improvement,0.00717360114777621,-0.023461617616793606,0.03941409620362379,0.6748,unresolved,5000
logistic,2025_holdout,balanced_accuracy_improvement,0.029854368932038855,-0.01264981954320189,0.07365169233557724,0.9182,unresolved,5000
logistic,2025_holdout,brier_improvement,-0.000578649458739422,-0.005442348639368577,0.004364438053238423,0.4034,unresolved,5000
logistic,2025_holdout,log_loss_improvement,-0.0012562749600099066,-0.011347032313892653,0.009028160414441596,0.4014,unresolved,5000
logistic,2025_holdout,calibration_ece_improvement,0.00795501295110096,-0.04008589846332026,0.038220832917448724,0.5146,unresolved,5000
logistic,2025_holdout,roc_auc_improvement,0.00461165048543688,-0.03215258983791334,0.045457520715252595,0.5718,unresolved,5000
logistic,2026_robustness,balanced_accuracy_improvement,0.033760683760683696,-0.013197846394194012,0.08097215437225214,0.9208,unresolved,5000
logistic,2026_robustness,brier_improvement,-5.669683757042465e-05,-0.004687166168358853,0.004340701838537898,0.4894,unresolved,5000
logistic,2026_robustness,log_loss_improvement,-0.00034263741208362397,-0.009841135028634583,0.008647185202609974,0.47,unresolved,5000
logistic,2026_robustness,calibration_ece_improvement,0.0009733310293416481,-0.06009375943365429,0.04760788608072124,0.4036,unresolved,5000
logistic,2026_robustness,roc_auc_improvement,0.0073260073260072445,-0.023073664155930564,0.03639811303281408,0.6614,unresolved,5000
xgboost,2024_validation,balanced_accuracy_improvement,0.011375281820045102,-0.023467868338557966,0.0474502182661054,0.7258,unresolved,5000
xgboost,2024_validation,brier_improvement,-0.004179479774162831,-0.01326481045294275,0.004030353859417221,0.1702,unresolved,5000
xgboost,2024_validation,log_loss_improvement,-0.00968860113422132,-0.030087077775278546,0.008724252170219661,0.1624,unresolved,5000
xgboost,2024_validation,calibration_ece_improvement,0.022336319643111266,-0.0538492066416243,0.04102757867764334,0.4802,unresolved,5000
xgboost,2024_validation,roc_auc_improvement,-0.02883104461296715,-0.06878052626358244,0.007567980439938876,0.0644,unresolved,5000
xgboost,2025_holdout,balanced_accuracy_improvement,-0.00279126213592229,-0.04951202373077374,0.04400903203301897,0.4538,unresolved,5000
xgboost,2025_holdout,brier_improvement,0.0019939135836253286,-0.005691677829587585,0.00950494394695429,0.6954,unresolved,5000
xgboost,2025_holdout,log_loss_improvement,0.00450764344506438,-0.011500662732322541,0.020368482654099018,0.7126,unresolved,5000
xgboost,2025_holdout,calibration_ece_improvement,-0.010067227977273732,-0.03445776291024523,0.04901532326979488,0.5682,unresolved,5000
xgboost,2025_holdout,roc_auc_improvement,0.013754045307443397,-0.04464386786829743,0.07102591036414561,0.6814,unresolved,5000
xgboost,2026_robustness,balanced_accuracy_improvement,0.05482295482295485,-0.002024965319705628,0.1182569650389693,0.9704,unresolved,5000
xgboost,2026_robustness,brier_improvement,0.0029251399354051633,-0.005323152360011934,0.011255410358854566,0.7566,unresolved,5000
xgboost,2026_robustness,log_loss_improvement,0.005779171564916807,-0.011125296707986345,0.02280035495645861,0.7502,unresolved,5000
xgboost,2026_robustness,calibration_ece_improvement,0.04779092959277537,-0.049965928556675435,0.09232473252804237,0.7336,unresolved,5000
xgboost,2026_robustness,roc_auc_improvement,0.003357753357753346,-0.056973911786258206,0.06505568669736356,0.5408,unresolved,5000
