family,variant,period,n,balanced_accuracy,brier_score_loss,log_loss,roc_auc,calibration_intercept,calibration_slope,expected_calibration_error,mean_predicted_up_probability,observed_up_rate
logistic,market_only,2024_validation,242,0.49962423993987837,0.2703041297733292,0.7468699797949703,0.507959281273485,-0.0385500388163252,-0.02144500699083855,0.10259851710746497,0.43927065876474564,0.49173553719008267
logistic,market_plus_sentiment,2024_validation,242,0.4923139987702398,0.2770035981229405,0.7723730593080625,0.5151328824212612,-0.03746809296712578,-0.021228646917105867,0.11691999764633648,0.4492475526141171,0.49173553719008267
logistic,market_only,2025_holdout,223,0.48288834951456316,0.25620591009779015,0.7057150180744569,0.5085760517799353,0.20094116163512754,0.3101527201368009,0.08396078005086029,0.4620066687892363,0.5381165919282511
logistic,market_plus_sentiment,2025_holdout,223,0.512742718446602,0.25678455955652957,0.7069712930344668,0.5131877022653721,0.19139871935988592,0.27105009090165433,0.07600576709975933,0.4654705535559536,0.5381165919282511
logistic,market_only,2026_robustness,181,0.48064713064713066,0.256264279137132,0.705920945755156,0.48559218559218564,-0.01673733065513934,-0.20321549848290976,0.07419222344886854,0.4931055795070661,0.4972375690607735
logistic,market_plus_sentiment,2026_robustness,181,0.5144078144078144,0.25632097597470244,0.7062635831672396,0.4929181929181929,-0.005685722617201408,-0.07093254425123874,0.0732188924195269,0.5184532802338613,0.4972375690607735
xgboost,market_only,2024_validation,242,0.5187538430006149,0.2623476195937706,0.7209324129875389,0.5353556056568969,0.0028219669651039937,0.20161421093190807,0.11495763118848328,0.4579764074407333,0.49173553719008267
xgboost,market_plus_sentiment,2024_validation,242,0.53012912482066,0.26652709936793345,0.7306210141217602,0.5065245610439297,-0.02934231317356338,0.018421353924665585,0.09262131154537201,0.4526032065310754,0.49173553719008267
xgboost,market_only,2025_holdout,223,0.5105582524271844,0.2624148870621637,0.7191325658742453,0.5056634304207119,0.18906968179212863,0.15914001068821512,0.09837270224040934,0.444696560435231,0.5381165919282511
xgboost,market_plus_sentiment,2025_holdout,223,0.5077669902912622,0.2604209734785384,0.714624922429181,0.5194174757281553,0.22494606429355637,0.3090656394269425,0.10843993021768307,0.4430213427597097,0.5381165919282511
xgboost,market_only,2026_robustness,181,0.502014652014652,0.2530978373771233,0.6992347908692041,0.5424297924297924,0.032398310419953516,0.3838223587816883,0.09625602114266456,0.47233997902817487,0.4972375690607735
xgboost,market_plus_sentiment,2026_robustness,181,0.5568376068376069,0.25017269744171816,0.6934556193042873,0.5457875457875457,0.07434020465718263,0.555881976960805,0.048465091549889185,0.46248029970991017,0.4972375690607735
