family,variant,model_name,period,selected_candidate_id,n,balanced_accuracy,accuracy,brier_score_loss,log_loss,roc_auc,mean_predicted_up_probability,observed_up_rate,true_negative,false_positive,false_negative,true_positive
logistic,market_only,logistic_market_only,2024_validation,logit_c_0.1,242,0.49962423993987837,0.5041322314049587,0.2703041297733292,0.7468699797949702,0.507959281273485,0.43927065876474564,0.49173553719008267,95,28,92,27
logistic,market_plus_sentiment,logistic_market_plus_sentiment,2024_validation,logit_c_0.1,242,0.4923139987702398,0.49586776859504134,0.2770035981229405,0.7723730593080625,0.5151328824212612,0.44924755261411714,0.49173553719008267,87,36,86,33
xgboost,market_only,xgboost_market_only,2024_validation,xgb_a,242,0.5187538430006149,0.5206611570247934,0.2623476195937706,0.7209324129875389,0.5353556056568969,0.4579764074407333,0.49173553719008267,78,45,71,48
xgboost,market_plus_sentiment,xgboost_market_plus_sentiment,2024_validation,xgb_a,242,0.53012912482066,0.5330578512396694,0.26652709936793345,0.7306210141217602,0.5065245610439297,0.4526032065310754,0.49173553719008267,87,36,77,42
logistic,market_only,logistic_market_only,2025_holdout,logit_c_0.1,223,0.48288834951456316,0.47085201793721976,0.25620591009779015,0.7057150180744569,0.5085760517799353,0.4620066687892363,0.5381165919282511,66,37,81,39
logistic,market_only,logistic_market_only,2026_robustness,logit_c_0.1,181,0.48064713064713066,0.48066298342541436,0.256264279137132,0.705920945755156,0.48559218559218564,0.4931055795070661,0.4972375690607735,44,47,47,43
logistic,market_plus_sentiment,logistic_market_plus_sentiment,2025_holdout,logit_c_0.1,223,0.512742718446602,0.5022421524663677,0.25678455955652957,0.7069712930344668,0.5131877022653721,0.4654705535559536,0.5381165919282511,67,36,75,45
logistic,market_plus_sentiment,logistic_market_plus_sentiment,2026_robustness,logit_c_0.1,181,0.5144078144078144,0.5138121546961326,0.2563209759747024,0.7062635831672396,0.4929181929181929,0.5184532802338613,0.4972375690607735,37,54,34,56
xgboost,market_only,xgboost_market_only,2025_holdout,xgb_a,223,0.5105582524271844,0.48878923766816146,0.2624148870621637,0.7191325658742453,0.5056634304207119,0.444696560435231,0.5381165919282511,82,21,93,27
xgboost,market_only,xgboost_market_only,2026_robustness,xgb_a,181,0.502014652014652,0.5027624309392266,0.2530978373771233,0.699234790869204,0.5424297924297924,0.47233997902817487,0.4972375690607735,58,33,57,33
xgboost,market_plus_sentiment,xgboost_market_plus_sentiment,2025_holdout,xgb_a,223,0.5077669902912622,0.484304932735426,0.2604209734785384,0.714624922429181,0.5194174757281553,0.4430213427597097,0.5381165919282511,84,19,96,24
xgboost,market_plus_sentiment,xgboost_market_plus_sentiment,2026_robustness,xgb_a,181,0.5568376068376069,0.5580110497237569,0.25017269744171816,0.6934556193042873,0.5457875457875457,0.46248029970991017,0.4972375690607735,70,21,59,31
