family,period,overlay,sentiment_minus_market_net_total_return,sentiment_minus_market_sharpe,sentiment_minus_market_max_drawdown,sentiment_minus_market_turnover
logistic,2024_validation,unscaled,0.13779798954237477,0.7970445644777997,0.13352627023906266,0.037190082644628114
logistic,2024_validation,garch_scaled,0.0828527610359786,0.6794334828521786,0.06084873976681146,0.03924226555713739
logistic,2025_holdout,unscaled,-0.09273588521054876,-1.1432842799505551,-0.034902256108948315,0.1434977578475336
logistic,2025_holdout,garch_scaled,-0.09864722776601453,-1.359552323253235,-0.03530122036276835,0.13089636139124816
logistic,2026_robustness,unscaled,-0.05675830732696241,-0.5236462986316883,-0.047722337789897595,0.13812154696132597
logistic,2026_robustness,garch_scaled,-0.05602088650707948,-0.6146761961596163,-0.04419696358023597,0.13701046363297648
xgboost,2024_validation,unscaled,0.027954626464454124,0.13512195377838404,-0.022666527399633762,-0.008264462809917328
xgboost,2024_validation,garch_scaled,0.050206864675806706,0.37942012585208834,-0.007637983964784073,-0.01276021868180216
xgboost,2025_holdout,unscaled,0.03608135894900566,0.35039323150364876,0.01842143429315582,-0.0358744394618834
xgboost,2025_holdout,garch_scaled,0.03439018427643925,0.36709756484706,0.01790967007524938,-0.030860890269439445
xgboost,2026_robustness,unscaled,0.058314310875062225,0.5244276870332929,-0.027918812456586437,-0.01657458563535913
xgboost,2026_robustness,garch_scaled,0.03569888560607315,0.3823448742545013,-0.026038951950320757,-0.0002551381087987359
