model_name,family,variant,period,overlay,observations,active_observations,long_observations,short_observations,flat_observations,gross_total_return,net_total_return,benchmark_total_return,active_total_return,transaction_cost_compounding_drag,net_sharpe_zero_rf,benchmark_sharpe_zero_rf,net_max_drawdown,benchmark_max_drawdown,directional_hit_rate_active,average_turnover,total_transaction_cost_rate,average_abs_position
logistic_market_only,logistic,market_only,2024_validation,unscaled,242,184,30,154,58,-0.12874373932608174,-0.17227500366949267,0.1468329491039424,-0.31910795277343507,0.043531264343410925,-0.9150919469167471,0.7726925109423455,-0.28360126341889247,-0.14405737260766607,0.5,0.21074380165289255,0.051000000000000004,0.7603305785123967
logistic_market_only,logistic,market_only,2024_validation,garch_scaled,242,184,30,154,58,-0.03237965380341634,-0.07389421356526493,0.1468329491039424,-0.22072716266920733,0.04151455976184859,-0.5427442214946964,0.7726925109423455,-0.1630909879383041,-0.14405737260766607,0.5,0.18065694192421652,0.0437189799456604,0.675057610444983
logistic_market_only,logistic,market_only,2025_holdout,unscaled,223,142,28,114,81,0.011099662014045775,-0.01582414453831904,0.11519599766202204,-0.13102014220034108,0.026923806552364815,-0.08074344647784194,0.863329820126305,-0.12570088810583804,-0.10491575170129905,0.49295774647887325,0.1210762331838565,0.027000000000000003,0.6367713004484304
logistic_market_only,logistic,market_only,2025_holdout,garch_scaled,223,142,28,114,81,-0.00022139618420968787,-0.02682741023557167,0.11519599766202204,-0.1420234078975937,0.02660601405136198,-0.1925978181418512,0.863329820126305,-0.12108342684252983,-0.10491575170129905,0.49295774647887325,0.12096786180166309,0.026975833181770867,0.6022235908168211
logistic_market_only,logistic,market_only,2026_robustness,unscaled,181,98,37,61,83,0.09955979100963352,0.06818634123579792,-0.05881717689645727,0.1270035181322552,0.031373449773835604,0.703082269998753,-0.35177610303946344,-0.07120343046278811,-0.14208464600388077,0.5,0.16022099447513813,0.029,0.5414364640883977
logistic_market_only,logistic,market_only,2026_robustness,garch_scaled,181,98,37,61,83,0.11077175699093345,0.08143019918282324,-0.05881717689645727,0.1402473760792805,0.029341557808110208,0.95998600365432,-0.35177610303946344,-0.05068913442279966,-0.14208464600388077,0.5,0.14807344585236543,0.02680129369927814,0.4716313846430929
logistic_market_plus_sentiment,logistic,market_plus_sentiment,2024_validation,unscaled,242,184,44,140,58,0.025311313691380954,-0.0344770141271179,0.1468329491039424,-0.1813099632310603,0.059788327818498854,-0.11804738243894741,0.7726925109423455,-0.1500749931798298,-0.14405737260766607,0.5054347826086957,0.24793388429752067,0.06,0.7603305785123967
logistic_market_plus_sentiment,logistic,market_plus_sentiment,2024_validation,garch_scaled,242,184,44,140,58,0.06415799102088537,0.008958547470713674,0.1468329491039424,-0.13787440163322873,0.0551994435501717,0.1366892613574823,0.7726925109423455,-0.10224224817149263,-0.14405737260766607,0.5054347826086957,0.21989920748135391,0.05321560821048765,0.6697620813338266
logistic_market_plus_sentiment,logistic,market_plus_sentiment,2025_holdout,unscaled,223,132,28,104,91,-0.054344043450412105,-0.1085600297488678,0.11519599766202204,-0.22375602741088985,0.0542159862984557,-1.2240277264283972,0.863329820126305,-0.16060314421478636,-0.10491575170129905,0.48484848484848486,0.2645739910313901,0.059000000000000004,0.5919282511210763
logistic_market_plus_sentiment,logistic,market_plus_sentiment,2025_holdout,garch_scaled,223,132,28,104,91,-0.07491130292645842,-0.1254746380015862,0.11519599766202204,-0.24067063566360825,0.05056333507512778,-1.5521501413950862,0.863329820126305,-0.15638464720529818,-0.10491575170129905,0.48484848484848486,0.25186422319291124,0.05616572177201921,0.5533586695959923
logistic_market_plus_sentiment,logistic,market_plus_sentiment,2026_robustness,unscaled,181,105,66,39,76,0.06761240302491167,0.011428033908835511,-0.05881717689645727,0.07024521080529278,0.05618436911607616,0.1794359713670647,-0.35177610303946344,-0.1189257682526857,-0.14208464600388077,0.49523809523809526,0.2983425414364641,0.054000000000000006,0.580110497237569
logistic_market_plus_sentiment,logistic,market_plus_sentiment,2026_robustness,garch_scaled,181,105,66,39,76,0.07976428648349465,0.025409312675743756,-0.05881717689645727,0.08422648957220102,0.054354973807750895,0.3453098074947037,-0.35177610303946344,-0.09488609800303563,-0.14208464600388077,0.49523809523809526,0.2850839094853419,0.051600187616846885,0.4875848173913721
xgboost_market_only,xgboost,market_only,2024_validation,unscaled,242,189,62,127,53,0.15500663544732962,0.042896117780399035,0.1468329491039424,-0.10393683132354337,0.11211051766693059,0.31728584353863315,0.7726925109423455,-0.13601281110826566,-0.14405737260766607,0.5238095238095238,0.4214876033057851,0.10200000000000001,0.78099173553719
xgboost_market_only,xgboost,market_only,2024_validation,garch_scaled,242,189,62,127,53,0.11189727183522113,0.005199320495344439,0.1468329491039424,-0.14163362860859796,0.1066979513398767,0.1062822548350101,0.7726925109423455,-0.10251952474617025,-0.14405737260766607,0.5238095238095238,0.41646176636766835,0.10078374746097575,0.6783734658741603
xgboost_market_only,xgboost,market_only,2025_holdout,unscaled,223,162,30,132,61,0.001613887533860936,-0.0965466825463791,0.11519599766202204,-0.21174268020840115,0.09816057008024004,-0.7771433167291861,0.863329820126305,-0.20955322192155426,-0.10491575170129905,0.4876543209876543,0.4618834080717489,0.10300000000000001,0.726457399103139
xgboost_market_only,xgboost,market_only,2025_holdout,garch_scaled,223,162,30,132,61,-0.01691839175112486,-0.10713368363665066,0.11519599766202204,-0.2223296812986727,0.0902152918855258,-0.935499884474959,0.863329820126305,-0.1976740707238659,-0.10491575170129905,0.4876543209876543,0.43099873990415677,0.09611271899862696,0.674976297805064
xgboost_market_only,xgboost,market_only,2026_robustness,unscaled,181,134,47,87,47,0.06448920048112572,-0.022387134553529475,-0.05881717689645727,0.03643004234292779,0.0868763350346552,-0.12173295721010255,-0.35177610303946344,-0.09757774989042654,-0.14208464600388077,0.5,0.4696132596685083,0.085,0.7403314917127072
xgboost_market_only,xgboost,market_only,2026_robustness,garch_scaled,181,134,47,87,47,0.07127763205530968,-0.004476086594618289,-0.05881717689645727,0.05434109030183898,0.07575371864992797,0.016611504459392395,-0.35177610303946344,-0.08248348054625379,-0.14208464600388077,0.5,0.4048278436365623,0.07327383969821777,0.6530760731219958
xgboost_market_plus_sentiment,xgboost,market_plus_sentiment,2024_validation,unscaled,242,183,57,126,59,0.1836212997901967,0.07085074424485316,0.1468329491039424,-0.07598220485908924,0.11277055554534354,0.4524077973170172,0.7726925109423455,-0.15867933850789942,-0.14405737260766607,0.5409836065573771,0.4132231404958678,0.1,0.756198347107438
xgboost_market_plus_sentiment,xgboost,market_plus_sentiment,2024_validation,garch_scaled,242,183,57,126,59,0.16380931383003028,0.055406185171151145,0.1468329491039424,-0.09142676393279126,0.10840312865887913,0.4857023806870984,0.7726925109423455,-0.11015750871095432,-0.14405737260766607,0.5409836065573771,0.4037015476858662,0.09769577453997963,0.657449120311218
xgboost_market_plus_sentiment,xgboost,market_plus_sentiment,2025_holdout,unscaled,223,158,23,135,65,0.033185974207488256,-0.060465323597373444,0.11519599766202204,-0.1756613212593955,0.0936512978048617,-0.42675008522553737,0.863329820126305,-0.19113178762839844,-0.10491575170129905,0.5063291139240507,0.4260089686098655,0.095,0.7085201793721974
xgboost_market_plus_sentiment,xgboost,market_plus_sentiment,2025_holdout,garch_scaled,223,158,23,135,65,0.013822311736297443,-0.0727434993602114,0.11519599766202204,-0.18793949702223345,0.08656581109650885,-0.568402319627899,0.863329820126305,-0.1797644006486165,-0.10491575170129905,0.5063291139240507,0.4001378496347173,0.08923074046854196,0.6613699625653451
xgboost_market_plus_sentiment,xgboost,market_plus_sentiment,2026_robustness,unscaled,181,116,29,87,65,0.12442461693021212,0.03592717632153275,-0.05881717689645727,0.09474435321799002,0.08849744060867937,0.4026947298231903,-0.35177610303946344,-0.12549656234701298,-0.14208464600388077,0.5344827586206896,0.4530386740331492,0.082,0.6408839779005525
xgboost_market_plus_sentiment,xgboost,market_plus_sentiment,2026_robustness,garch_scaled,181,116,29,87,65,0.10955475165387685,0.03122279901145486,-0.05881717689645727,0.09003997590791213,0.07833195264242199,0.3989563787138937,-0.35177610303946344,-0.10852243249657455,-0.14208464600388077,0.5344827586206896,0.4045727055277636,0.07322765970052521,0.5778908836574055
