date,actual_return_t+1,predicted_return_t+1,pred_vol_garch_x,signal,position,turnover,t_cost,strategy_return,benchmark_return,cum_strategy,cum_benchmark
2026-03-04,0.0097424555815149,0.002506329,0.0109891538430263,1,1.0,1.0,0.001,0.008742455581514898,0.0097424555815149,1.0087807824552246,1.0097900677962433
2026-03-05,0.0027395423430226,-0.00063804595,0.0110851112007407,0,0.0,1.0,0.001,-0.001,0.0027395423430226,1.0077725058950724,1.0125602231910127
2026-03-06,-0.009698322211383,-0.002410518,0.0111719644970034,0,0.0,0.0,0.0,-0.0,-0.009698322211383,1.0077725058950724,1.0027875537359436
2026-03-09,0.0127662448910997,0.0035489467,0.0112506433755683,1,1.0,1.0,0.001,0.0117662448910997,0.0127662448910997,1.0197002386960656,1.0156714497252652
2026-03-10,0.0063417230764773,0.0029963271,0.011321970105385,1,1.0,0.0,0.0,0.0063417230764773,0.0063417230764773,1.0261874435175973,1.0221330238974702
2026-03-11,-0.0036072937502335,-0.0029987385,0.0113866743575392,0,0.0,1.0,0.001,-0.001,-0.0036072937502335,1.0251617689968129,1.0184525321269917
2026-03-12,-0.0039372738863394,-9.425821e-06,0.0114454054978386,0,0.0,0.0,0.0,-0.0,-0.0039372738863394,1.0251617689968129,1.014450489307128
2026-03-13,0.0005181457232413,0.0012689291,0.0114987428976017,1,1.0,1.0,0.001,-0.00048185427675870003,0.0005181457232413,1.0246679094077853,1.0149762586904183
2026-03-16,-0.0073305983418201,-0.0027402865,0.0115472046471,0,0.0,1.0,0.001,-0.001,-0.0073305983418201,1.023643753661597,1.0075630801259385
2026-03-17,0.0044945543707909,0.0014322463,0.0115912549692378,1,1.0,1.0,0.001,0.0034945543707909,0.0044945543707909,1.0272271900249748,1.0121018193360496
2026-03-18,-0.0162486781193249,-0.005779194,0.0116313105663288,0,0.0,1.0,0.001,-0.001,-0.0162486781193249,1.026200476277383,0.9957893892609376
2026-03-19,-0.0035474357487482,-0.0013168219,0.0116677460840264,0,0.0,0.0,0.0,-0.0,-0.0035474357487482,1.026200476277383,0.9922631486372113
2026-03-20,-0.0331738127143238,-0.011059297,0.0117008988392489,0,0.0,0.0,0.0,-0.0,-0.0331738127143238,1.026200476277383,0.9598860026738282
2026-03-23,0.012756722951697,0.008750122,0.01173107293028,1,1.0,1.0,0.001,0.011756722951697,0.012756722951697,1.0383364307107021,0.9722094386849571
2026-03-24,0.0139258073980391,0.0081717875,0.0117585428249319,1,1.0,0.0,0.0,0.0139258073980391,0.0139258073980391,1.052897254158604,0.9858429485690184
2026-03-25,-0.0132981282325235,-0.0054492117,0.0117835565051603,0,0.0,1.0,0.001,-0.001,-0.0132981282325235,1.0518448831776332,0.9728198658503028
2026-03-26,0.0055767987101583,0.003780963,0.011806338232681,1,1.0,1.0,0.001,0.0045767987101583,0.0055767987101583,1.0566699988511694,0.9782602422655359
2026-03-27,-0.0023613564298663,0.0012130955,0.0118270909890923,1,0.998245320304846,0.0017546796951539712,1.7546796951539712e-06,-0.002358967685380946,-0.0023613564298663,1.0541802862001606,0.9759529463984694
2026-03-30,-0.009371661215305,-0.0005280778,0.0118459986351356,0,0.0,0.998245320304846,0.000998245320304846,-0.000998245320304846,-0.009371661215305,1.053128480729991,0.9668493704664859
2026-03-31,0.0169386862694341,0.010348183,0.0118632278265441,1,0.9952045434265532,0.9952045434265532,0.0009952045434265533,0.015862252991591237,0.0169386862694341,1.0699666638294767,0.983366018875503
2026-04-01,-0.0104742263114902,-0.0043505263,0.0118789297180817,0,0.0,0.9952045434265532,0.0009952045434265533,-0.0009952045434265533,-0.0104742263114902,1.0689023578332437,0.9731197750606664
2026-04-02,-0.0085474507970086,-0.002476947,0.0118932414825771,0,0.0,0.0,0.0,-0.0,-0.0085474507970086,1.0689023578332437,0.9648375281370433
2026-04-03,-3.826461609837159e-05,0.0021067967,0.0119062876678031,1,0.9916053233458837,0.9916053233458837,0.0009916053233458837,-0.0010295487203648157,-3.826461609837159e-05,1.0678024370866972,0.9648006097057711
2026-04-07,0.0342966000065915,0.0120834755,0.0119181814107704,1,0.9906157513269326,0.0009895720189511126,9.895720189511125e-07,0.03397376261146997,0.0342966000065915,1.1047029795351397,0.9984639598666951
2026-04-08,-0.0064048565176157,-0.002410518,0.0119290255262713,0,0.0,0.9906157513269326,0.0009906157513269326,-0.0009906157513269326,-0.0064048565176157,1.1036091852174612,0.9920893774003614
2026-04-09,0.0152890546134911,0.004922739,0.011938913484211,1,0.9888955346141567,0.9888955346141567,0.0009888955346141568,0.014130382301139163,0.0152890546134911,1.1193143032604465,1.007374032296838
2026-04-10,0.0020662747841597,0.0014570671,0.0119479302883375,1,0.9881492398901331,0.000746294724023544,7.46294724023544e-07,0.002041041562647533,0.0020662747841597,1.1216012033101854,1.0094576958273476
2026-04-13,0.011793660753043,0.0051841573,0.0119561532673407,1,0.9874696291265408,0.0006796107635923532,6.796107635923532e-07,0.011645202199088019,0.011793660753043,1.1347388227604132,1.021433377189884
2026-04-14,-0.0034154903049793,-0.00216675,0.0119636527879052,0,0.0,0.9874696291265408,0.0009874696291265407,-0.0009874696291265407,-0.0034154903049793,1.1336188556936848,1.0179506324190934
2026-04-15,0.0109023850393714,0.004686319,0.0119704928981107,1,0.9862867246297262,0.9862867246297262,0.0009862867246297263,0.00976659090650402,0.0109023850393714,1.1447446895977265,1.029109440446009
2026-04-16,-0.0016776985887015,0.00051272643,0.0119767319085579,1,0.9857729406337346,0.0005137839959916679,5.137839959916679e-07,-0.0016543436552773356,-0.0016776985887015,1.1428524541190215,1.027384352483603
2026-04-17,0.0060657336162917,0.0043405583,0.0119824229177217,1,0.9853047512802878,0.0004681893534467241,4.681893534467241e-07,0.005976127962779327,0.0060657336162917,1.1497027353183005,1.0336351309002394
2026-04-20,0.002217233636435,0.001082492,0.0119876142872741,1,0.9848780541107718,0.00042669716951604375,4.2669716951604374e-07,0.002183278052191537,0.002217233636435,1.1522155982078903,1.0359294840988713
