date,cross_asset_correlation,global_volatility,vol_transmission_ratio,stress_state
2025-07-01,,0.0057971000208148,,NORMAL
2025-07-02,,0.005751419828922,,NORMAL
2025-07-03,,0.0058628351757991,,NORMAL
2025-07-04,,0.0058648363950076,,NORMAL
2025-07-07,,0.0059853246020666,,NORMAL
2025-07-08,,0.0060173200481387,,NORMAL
2025-07-09,,0.0059012518624772,,NORMAL
2025-07-10,,0.005932049622475,,NORMAL
2025-07-11,,0.0055685604170158,,NORMAL
2025-07-14,,0.0055730598164358,,NORMAL
2025-07-15,,0.0055483630145306,,NORMAL
2025-07-16,,0.005652117961404,,NORMAL
2025-07-17,,0.0052464734304934,,NORMAL
2025-07-18,,0.005290569686032,,NORMAL
2025-07-21,,0.0053644764853343,,NORMAL
2025-07-22,,0.0050908468897344,,NORMAL
2025-07-23,,0.0043211532678874,,NORMAL
2025-07-24,,0.0042585398171334,,NORMAL
2025-07-25,,0.0041678131873515,,NORMAL
2025-07-28,1.0,0.0041608315487334,,ELEVATED_STRESS
2025-07-29,1.0000000000000004,0.0041684460127411,,ELEVATED_STRESS
2025-07-30,1.0,0.0041820700358717,,ELEVATED_STRESS
2025-07-31,1.0,0.0061915368014599,,ELEVATED_STRESS
2025-08-01,1.0,0.0063283894859449,,ELEVATED_STRESS
2025-08-04,1.0000000000000002,0.0062388091723572,,ELEVATED_STRESS
2025-08-05,1.0,0.0062189066990963,,ELEVATED_STRESS
2025-08-06,0.9999999999999998,0.0061809533973976,,ELEVATED_STRESS
2025-08-07,1.0,0.0061408869212579,,ELEVATED_STRESS
2025-08-08,0.9999999999999998,0.0061949413104888,,ELEVATED_STRESS
2025-08-11,1.0,0.0062337037275051,,ELEVATED_STRESS
2025-08-12,0.9999999999999998,0.0062880688501477,,ELEVATED_STRESS
2025-08-13,1.0,0.0063475248250165,,ELEVATED_STRESS
2025-08-14,1.0,0.0062767498275261,,ELEVATED_STRESS
2025-08-15,1.0,0.0063157854113888,,ELEVATED_STRESS
2025-08-18,0.9999999999999999,0.0064202186480781,,ELEVATED_STRESS
2025-08-19,1.0,0.0063593628265283,,ELEVATED_STRESS
2025-08-20,1.0,0.0067365329215706,,ELEVATED_STRESS
2025-08-21,1.0,0.0066423291737074,,ELEVATED_STRESS
2025-08-22,1.0000000000000002,0.0076824067915077,,ELEVATED_STRESS
2025-08-25,1.0000000000000002,0.0086321658531203,,ELEVATED_STRESS
2025-08-26,0.9999999999999998,0.0087979707758662,,ELEVATED_STRESS
2025-08-27,1.0,0.0097050549612814,,ELEVATED_STRESS
2025-08-28,1.0000000000000004,0.0088759782914363,,ELEVATED_STRESS
2025-08-29,0.9999999999999998,0.0085970748719812,,ELEVATED_STRESS
2025-09-01,0.9999999999999998,0.0085932917095644,,ELEVATED_STRESS
2025-09-02,1.0,0.0090142202376424,,ELEVATED_STRESS
2025-09-03,1.0000000000000002,0.0093585960563525,,ELEVATED_STRESS
2025-09-04,1.0000000000000002,0.0109446948509449,,ELEVATED_STRESS
2025-09-05,1.0,0.0116191460450259,,ELEVATED_STRESS
2025-09-08,1.0,0.0116328091866875,,ELEVATED_STRESS
2025-09-09,0.9999999999999998,0.0118866183992081,,ELEVATED_STRESS
2025-09-10,0.9999999999999998,0.0118427789882041,,ELEVATED_STRESS
2025-09-11,0.9999999999999998,0.0125872464030731,,ELEVATED_STRESS
2025-09-12,0.9999999999999999,0.0127654698381068,,ELEVATED_STRESS
2025-09-15,0.9999999999999998,0.0127103641379508,,ELEVATED_STRESS
2025-09-16,0.9999999999999998,0.0126670014490524,,ELEVATED_STRESS
2025-09-17,0.9999999999999998,0.0125495345990586,,ELEVATED_STRESS
2025-09-18,1.0,0.0129789417223539,,ELEVATED_STRESS
2025-09-19,0.9999999999999998,0.012238693697206,,ELEVATED_STRESS
2025-09-22,1.0,0.0114100364280606,1.5082324733092454,SYSTEMIC_STRESS
2025-09-23,0.9999999999999998,0.0113692067109133,1.48461064099913,ELEVATED_STRESS
2025-09-24,0.9999999999999999,0.0109158895492633,1.4095724526644433,ELEVATED_STRESS
2025-09-25,0.9999999999999999,0.010340694579734,1.3225517388024373,ELEVATED_STRESS
2025-09-26,0.9999999999999999,0.0105177900679323,1.3319906757778668,ELEVATED_STRESS
2025-09-29,0.9999999999999999,0.0109639985631965,1.3740600160041878,ELEVATED_STRESS
2025-09-30,1.0000000000000002,0.0108031162902236,1.3404974634037088,ELEVATED_STRESS
2025-10-09,1.0000000000000002,0.0109855380931177,1.3489493918614721,ELEVATED_STRESS
2025-10-10,1.0000000000000002,0.0108073491334318,1.3139588945708,ELEVATED_STRESS
2025-10-13,1.0,0.0099804147242049,1.2026683717496112,ELEVATED_STRESS
2025-10-14,0.9999999999999998,0.0104265859135779,1.244304130843518,ELEVATED_STRESS
2025-10-15,0.9999999999999999,0.0106971262540856,1.2636494479636258,ELEVATED_STRESS
2025-10-16,0.9999999999999999,0.010698394399325,1.2513666000186279,ELEVATED_STRESS
2025-10-17,0.9999999999999997,0.0108678660677259,1.257409748395435,ELEVATED_STRESS
2025-10-20,0.9999999999999997,0.0108612421270578,1.2432878459396073,ELEVATED_STRESS
2025-10-21,0.9999999999999996,0.0113662013818094,1.2863613706138657,ELEVATED_STRESS
2025-10-22,0.9999999999999996,0.0113854372759891,1.2734189569855396,ELEVATED_STRESS
2025-10-23,0.9999999999999998,0.011329807811787,1.2508547563420933,ELEVATED_STRESS
2025-10-24,0.9999999999999993,0.0112013583668315,1.2210739323349762,ELEVATED_STRESS
2025-10-27,0.9999999999999996,0.0114193886925769,1.2286541041734294,ELEVATED_STRESS
2025-10-28,0.9999999999999992,0.0115236964126218,1.223719821092593,ELEVATED_STRESS
2025-10-29,0.9999999999999992,0.0117187602858749,1.228023883908383,ELEVATED_STRESS
2025-10-30,0.9999999999999994,0.0117939055224912,1.2196836902417296,ELEVATED_STRESS
2025-10-31,0.9999999999999993,0.0122886293714456,1.2576298446501268,ELEVATED_STRESS
2025-11-03,0.9999999999999994,0.01206651175428,1.222928809643948,ELEVATED_STRESS
2025-11-04,0.9999999999999994,0.0117306684086942,1.177963955886136,ELEVATED_STRESS
2025-11-05,0.9999999999999992,0.0116927904215811,1.163501247548082,ELEVATED_STRESS
2025-11-06,0.9999999999999992,0.0116584053684878,1.1496364621026984,ELEVATED_STRESS
2025-11-07,0.9999999999999989,0.0107338263657998,1.050533681801444,ELEVATED_STRESS
2025-11-10,0.9999999999999988,0.0106665000259698,1.0363850184195564,ELEVATED_STRESS
2025-11-11,0.9999999999999991,0.0104997083092812,1.0131797806258116,ELEVATED_STRESS
2025-11-12,0.9999999999999988,0.010018136850784,0.9609454071851292,ELEVATED_STRESS
2025-11-13,0.9999999999999989,0.0103413108965272,0.9856512887447915,ELEVATED_STRESS
2025-11-14,0.9999999999999983,0.0095901777386667,0.9092733130878621,ELEVATED_STRESS
2025-11-17,0.9999999999999984,0.0096909817248049,0.9139562169670952,ELEVATED_STRESS
2025-11-18,0.9999999999999982,0.0091757527550814,0.8616330484257576,ELEVATED_STRESS
2025-11-19,0.9999999999999982,0.009209845690562,0.860993456198283,ELEVATED_STRESS
2025-11-20,0.9999999999999984,0.0092469158152053,0.8610908993785134,ELEVATED_STRESS
2025-11-21,0.9999999999999986,0.0102537456686947,0.9495267342420735,ELEVATED_STRESS
2025-11-24,0.9999999999999987,0.0097117300562311,0.8965265689067846,ELEVATED_STRESS
2025-11-25,0.9999999999999984,0.0100798043132305,0.9284370049907513,ELEVATED_STRESS
2025-11-26,0.9999999999999987,0.0097325654864933,0.8951689786491552,ELEVATED_STRESS
2025-11-27,0.9999999999999986,0.0096524372761025,0.8878706682051462,ELEVATED_STRESS
2025-11-28,0.9999999999999986,0.0092197896174222,0.8476271940231708,ELEVATED_STRESS
2025-12-01,0.9999999999999987,0.0095820264066202,0.8796021648312627,ELEVATED_STRESS
2025-12-02,0.9999999999999987,0.0095036458004666,0.8711936566006063,ELEVATED_STRESS
2025-12-03,0.9999999999999986,0.0095329817167551,0.8731907928134003,ELEVATED_STRESS
2025-12-04,0.9999999999999984,0.0089103933960151,0.8167225115280328,ELEVATED_STRESS
2025-12-05,0.9999999999999986,0.0091702059916715,0.8428215453266996,ELEVATED_STRESS
2025-12-08,0.9999999999999988,0.009345408441994,0.8619262063615505,ELEVATED_STRESS
2025-12-09,0.9999999999999984,0.009196239256176,0.8513570269322714,ELEVATED_STRESS
2025-12-10,0.9999999999999986,0.0091964376378747,0.8549240099422674,ELEVATED_STRESS
2025-12-11,0.9999999999999982,0.00886180526249,0.827638310637855,ELEVATED_STRESS
2025-12-12,0.9999999999999982,0.0083597828548708,0.7859241260523063,ELEVATED_STRESS
2025-12-15,0.9999999999999982,0.0083524676156035,0.790703821081109,ELEVATED_STRESS
2025-12-16,0.9999999999999983,0.0086482540015153,0.8239860970013293,ELEVATED_STRESS
2025-12-17,0.9999999999999986,0.0095771859092427,0.9169918602415045,ELEVATED_STRESS
2025-12-18,0.9999999999999987,0.0096018822743849,0.9237014200886183,ELEVATED_STRESS
2025-12-19,0.9999999999999978,0.0076828140212961,0.7454166618326901,ELEVATED_STRESS
2025-12-22,0.999999999999998,0.0078691550362581,0.7689293187742795,ELEVATED_STRESS
2025-12-23,0.9999999999999979,0.0076601888674661,0.7531094897617037,ELEVATED_STRESS
2025-12-24,0.999999999999998,0.0075922902722772,0.7510823373085476,ELEVATED_STRESS
2025-12-25,0.999999999999998,0.0075816092974921,0.7541717634218078,ELEVATED_STRESS
2025-12-26,0.9999999999999979,0.0075882226334308,0.7582899337077963,ELEVATED_STRESS
2025-12-29,0.9999999999999978,0.0073272726672387,0.736124862568988,ELEVATED_STRESS
2025-12-30,0.9999999999999976,0.0072192302106103,0.7298468192840823,ELEVATED_STRESS
2025-12-31,0.9999999999999976,0.0071964495210262,0.7319921276381804,ELEVATED_STRESS
2026-01-05,0.9999999999999982,0.0082087815459626,0.8389112525681041,ELEVATED_STRESS
2026-01-06,0.9999999999999983,0.0086392199753272,0.8861732620149415,ELEVATED_STRESS
2026-01-07,0.9999999999999983,0.0085953214266677,0.8837630452078715,ELEVATED_STRESS
2026-01-08,0.9999999999999984,0.0087499611749219,0.902255276880869,ELEVATED_STRESS
2026-01-09,0.9999999999999986,0.0087465736388481,0.9049395067591275,ELEVATED_STRESS
2026-01-12,0.9999999999999984,0.0084443738330585,0.8770822705961535,ELEVATED_STRESS
2026-01-13,0.9999999999999987,0.0086054100593923,0.8973228333865265,ELEVATED_STRESS
2026-01-14,0.9999999999999984,0.0085038097912627,0.8903764049835514,ELEVATED_STRESS
2026-01-15,0.9999999999999982,0.0078326040931151,0.8251873638243559,ELEVATED_STRESS
2026-01-16,0.9999999999999977,0.0070753421724551,0.7510919180424236,ELEVATED_STRESS
2026-01-19,0.9999999999999976,0.0068556517878439,0.7335774018567603,ELEVATED_STRESS
2026-01-20,0.9999999999999973,0.0069447149586275,0.7487917195930643,ELEVATED_STRESS
2026-01-21,0.9999999999999972,0.0066953476035734,0.7280853751453061,ELEVATED_STRESS
2026-01-22,0.9999999999999971,0.0066966989685303,0.7346595188155148,ELEVATED_STRESS
2026-01-23,0.9999999999999969,0.0067961611033189,0.7523424733568137,ELEVATED_STRESS
2026-01-26,0.9999999999999972,0.0067915438117549,0.7588349624215525,ELEVATED_STRESS
2026-01-27,0.9999999999999972,0.0067691031983481,0.7641822612896799,ELEVATED_STRESS
2026-01-28,0.9999999999999971,0.0067037524851709,0.7645188465898638,ELEVATED_STRESS
2026-01-29,0.9999999999999976,0.0068633710222608,0.790031174400585,ELEVATED_STRESS
2026-01-30,0.9999999999999973,0.0072010356142746,0.8361041473306006,ELEVATED_STRESS
2026-02-02,0.9999999999999973,0.0075446757877083,0.8830333632798021,ELEVATED_STRESS
2026-02-03,0.9999999999999971,0.0071568645630707,0.8435294288072561,ELEVATED_STRESS
2026-02-04,0.9999999999999974,0.0074592959875017,0.8847489751078439,ELEVATED_STRESS
2026-02-05,0.9999999999999973,0.0073614595203198,0.8785952030374533,ELEVATED_STRESS
2026-02-06,0.9999999999999976,0.0073372030954104,0.8803952017026333,ELEVATED_STRESS
2026-02-09,0.9999999999999981,0.008141911730778,0.9812687158374941,ELEVATED_STRESS
2026-02-10,0.9999999999999979,0.0080533219959533,0.9735973630344422,ELEVATED_STRESS
2026-02-11,0.9999999999999983,0.008020595178528,0.9729153920518525,ELEVATED_STRESS
2026-02-12,0.9999999999999979,0.00801071831799,0.9740114484001549,ELEVATED_STRESS
2026-02-13,0.9999999999999981,0.0084358266528201,1.0273111139752829,ELEVATED_STRESS
2026-02-24,0.9999999999999982,0.0087749565933494,1.0696348237635156,ELEVATED_STRESS
2026-02-25,0.9999999999999982,0.0088530736740505,1.0822366336361764,ELEVATED_STRESS
2026-02-26,0.9999999999999981,0.0088633578946503,1.0853698551981001,ELEVATED_STRESS
2026-02-27,0.9999999999999983,0.0088972779219651,1.0921594371018293,ELEVATED_STRESS
2026-03-02,0.9999999999999981,0.0088770509301523,1.0915871037512563,ELEVATED_STRESS
2026-03-03,0.9999999999999983,0.0095489131350486,1.1744533755903739,ELEVATED_STRESS
2026-03-04,0.9999999999999984,0.009857480970545,1.2108224018069718,ELEVATED_STRESS
2026-03-05,0.9999999999999986,0.0101244350490474,1.2422337205854435,ELEVATED_STRESS
2026-03-06,0.9999999999999987,0.0099716866079381,1.2223221016206414,ELEVATED_STRESS
2026-03-09,0.9999999999999987,0.0099552402712515,1.219254308579611,ELEVATED_STRESS
2026-03-10,0.9999999999999987,0.0091462150227431,1.1196311064098343,ELEVATED_STRESS
2026-03-11,0.9999999999999984,0.0088840913358884,1.088178533340161,ELEVATED_STRESS
2026-03-12,0.9999999999999984,0.008732574646814,1.0709596670056964,ELEVATED_STRESS
2026-03-13,0.9999999999999986,0.0086702313757303,1.0644583713750941,ELEVATED_STRESS
2026-03-16,0.9999999999999986,0.0085642745205488,1.0528117180116514,ELEVATED_STRESS
2026-03-17,0.999999999999998,0.0078608426497822,0.968324245435481,ELEVATED_STRESS
2026-03-18,0.9999999999999981,0.0079417827572623,0.9791349830154231,ELEVATED_STRESS
2026-03-19,0.9999999999999983,0.0086690266733464,1.068101437394159,ELEVATED_STRESS
2026-03-20,0.9999999999999986,0.0086585794005265,1.0667916209590764,ELEVATED_STRESS
2026-03-23,0.9999999999999989,0.0109474777041583,1.3450137227773606,ELEVATED_STRESS
2026-03-24,0.9999999999999987,0.0111275351213883,1.3628779952070282,ELEVATED_STRESS
2026-03-25,0.9999999999999986,0.0115793334883336,1.4070219438906124,ELEVATED_STRESS
2026-03-26,0.999999999999999,0.0118443834496496,1.4277344406610013,ELEVATED_STRESS
2026-03-27,0.9999999999999989,0.0119858923572967,1.4323444071432767,ELEVATED_STRESS
2026-03-30,0.9999999999999989,0.0119003372170987,1.4100218359461845,ELEVATED_STRESS
2026-03-31,0.999999999999999,0.01162502798168,1.3664904284891377,ELEVATED_STRESS
2026-04-01,0.9999999999999992,0.0121619725884207,1.4169105359285243,ELEVATED_STRESS
2026-04-02,0.9999999999999991,0.0120760855762543,1.394050047657847,ELEVATED_STRESS
2026-04-03,0.9999999999999989,0.0121140149482113,1.385381772825577,ELEVATED_STRESS
2026-04-07,0.9999999999999989,0.0120003341522489,1.3599290262701325,ELEVATED_STRESS
2026-04-08,0.9999999999999996,0.0141596148685493,1.5867930613835244,SYSTEMIC_STRESS
2026-04-09,0.9999999999999993,0.0141054298634773,1.5647455856429475,SYSTEMIC_STRESS
2026-04-10,0.9999999999999993,0.0145811048309101,1.5998082641118305,SYSTEMIC_STRESS
2026-04-13,0.9999999999999992,0.0145694259626667,1.5816950256267337,SYSTEMIC_STRESS
2026-04-14,0.9999999999999993,0.0148166398681555,1.5910585577802938,SYSTEMIC_STRESS
2026-04-15,0.9999999999999996,0.0147359249180718,1.5647716142545718,SYSTEMIC_STRESS
2026-04-16,0.9999999999999993,0.0148958449937302,1.564337731653913,SYSTEMIC_STRESS
2026-04-17,0.9999999999999994,0.0143632118267326,1.4930887069696357,ELEVATED_STRESS
2026-04-20,0.9999999999999994,0.0143440728237015,1.4744651800103528,ELEVATED_STRESS
2026-04-21,0.9999999999999994,0.0117126021742246,1.1944796850678017,ELEVATED_STRESS
2026-04-22,0.9999999999999992,0.0115450128788447,1.1680783046817793,ELEVATED_STRESS
2026-04-23,0.9999999999999993,0.0113539894688391,1.1402731449177967,ELEVATED_STRESS
2026-04-24,0.9999999999999991,0.0108295552677303,1.0801301676553898,ELEVATED_STRESS
2026-04-27,0.9999999999999991,0.0108313900633145,1.0729386751092003,ELEVATED_STRESS
2026-04-28,0.9999999999999992,0.0108395963571997,1.0666311791059124,ELEVATED_STRESS
2026-04-29,0.9999999999999988,0.0105783247336766,1.034497044116662,ELEVATED_STRESS
2026-04-30,0.9999999999999988,0.0101591523412062,0.9880450982294864,ELEVATED_STRESS
2026-05-06,0.9999999999999989,0.0099417930972418,0.9618569845427917,ELEVATED_STRESS
2026-05-07,0.9999999999999989,0.0094739052748112,0.9127472276426043,ELEVATED_STRESS
2026-05-08,0.9999999999999989,0.0097202732492798,0.9327101359080759,ELEVATED_STRESS
2026-05-11,0.9999999999999978,0.0073790914952765,0.708249275907739,ELEVATED_STRESS
2026-05-12,0.999999999999998,0.0070726899222258,0.6789321034157492,ELEVATED_STRESS
2026-05-13,0.9999999999999976,0.0067245536611092,0.646272991921957,ELEVATED_STRESS
2026-05-14,0.9999999999999986,0.0081590863584998,0.7831402851837497,ELEVATED_STRESS
2026-05-15,0.9999999999999983,0.0084459990847618,0.809243848783726,ELEVATED_STRESS
2026-05-18,0.9999999999999986,0.0085191492584719,0.815761227391007,ELEVATED_STRESS
2026-05-19,0.999999999999998,0.0082563788673249,0.7903432141110751,ELEVATED_STRESS
2026-05-20,0.9999999999999984,0.0082382953426393,0.7883383576678247,ELEVATED_STRESS
2026-05-21,0.9999999999999984,0.008827880501869,0.843657389684805,ELEVATED_STRESS
2026-05-22,0.9999999999999986,0.0092629198500308,0.884068300629304,ELEVATED_STRESS
2026-05-25,0.9999999999999987,0.0097692056139571,0.9309167586803642,ELEVATED_STRESS
2026-05-26,0.9999999999999987,0.0097611435191913,0.9288090039334189,ELEVATED_STRESS
2026-05-27,0.9999999999999987,0.0099379184019633,0.9440210452845454,ELEVATED_STRESS
2026-05-28,0.9999999999999988,0.0099346994951397,0.9421678186147631,ELEVATED_STRESS
2026-05-29,0.9999999999999988,0.0099833128450112,0.945125509949624,ELEVATED_STRESS
