date,model_1_conf,model_2_conf,model_3_conf,ensemble_confidence,ensemble_majority_vote,ensemble_disagreement
2025-07-01,0.0,0.024835707650561634,0.05,0.024945235883520545,False,0.025000179945859617
2025-07-02,0.0,0.0,0.05,0.016666666666666666,False,0.02886751345948129
2025-07-03,0.0,0.032384426905034625,0.05,0.027461475635011542,False,0.025360926381054506
2025-07-04,0.0,0.07615149282040128,0.05,0.04205049760680043,False,0.038693131249855205
2025-07-07,0.0,0.0,0.05,0.016666666666666666,False,0.02886751345948129
2025-07-08,0.0,0.0,0.05,0.016666666666666666,False,0.02886751345948129
2025-07-09,0.0,0.07896064077536957,0.05,0.04298688025845652,False,0.0399447566558636
2025-07-10,0.0,0.03837173645764544,0.05,0.029457245485881814,False,0.02616488318269817
2025-07-11,0.0,0.0,0.05,0.016666666666666666,False,0.02886751345948129
2025-07-14,0.0,0.027128002179298234,0.05,0.02570933405976608,False,0.025030171082616133
2025-07-15,0.0,0.0,0.05,0.016666666666666666,False,0.02886751345948129
2025-07-16,0.0,0.0,0.05,0.016666666666666666,False,0.02886751345948129
2025-07-17,0.0,0.012098113578301706,0.05,0.020699371192767237,False,0.02608613088238271
2025-07-18,0.0,0.0,0.05,0.016666666666666666,False,0.02886751345948129
2025-07-21,0.0,0.0,0.05,0.016666666666666666,False,0.02886751345948129
2025-07-22,0.0,0.0,0.05,0.016666666666666666,False,0.02886751345948129
2025-07-23,0.0,0.0,0.05,0.016666666666666666,False,0.02886751345948129
2025-07-24,0.0,0.015712366629763694,0.05,0.02190412220992123,False,0.02556860140628167
2025-07-25,0.0,0.0,0.05,0.016666666666666666,False,0.02886751345948129
2025-07-28,0.0,0.0,0.05,0.016666666666666666,False,0.02886751345948129
2025-07-29,0.0,0.07328243844607771,0.05,0.04109414614869257,False,0.037444153358921435
2025-07-30,0.0,0.0,0.05,0.016666666666666666,False,0.02886751345948129
2025-07-31,0.0,0.003376410234396192,0.05,0.017792136744798733,False,0.02794387013491585
2025-08-01,0.0,0.0,0.05,0.016666666666666666,False,0.02886751345948129
2025-08-04,0.0,0.0,0.05,0.016666666666666666,False,0.02886751345948129
2025-08-05,0.0,0.005546129485493305,0.05,0.018515376495164434,False,0.02740713458204629
2025-08-06,0.0,0.0,0.05,0.016666666666666666,False,0.02886751345948129
2025-08-07,0.0,0.0187849009172836,0.05,0.022928300305761203,False,0.025256203571980638
2025-08-08,0.0,0.0,0.05,0.016666666666666666,False,0.02886751345948129
2025-08-11,0.0,0.0,0.05,0.016666666666666666,False,0.02886751345948129
2025-08-12,0.0,0.0,0.05,0.016666666666666666,False,0.02886751345948129
2025-08-13,0.0,0.09261390922544689,0.05,0.04753796974181563,False,0.04635601622496255
2025-08-14,0.0,0.0,0.05,0.016666666666666666,False,0.02886751345948129
2025-08-15,0.0,0.0,0.05,0.016666666666666666,False,0.02886751345948129
2025-08-18,0.0,0.04112724560515946,0.05,0.030375748535053152,False,0.02667763139666598
2025-08-19,0.0,0.0,0.05,0.016666666666666666,False,0.02886751345948129
2025-08-20,0.0,0.010443179750237772,0.05,0.02014772658341259,False,0.02637486818787845
2025-08-21,0.0,0.0,0.05,0.016666666666666666,False,0.02886751345948129
2025-08-22,0.0,0.0,0.05,0.016666666666666666,False,0.02886751345948129
2025-08-25,0.0,0.009843061793456176,0.05,0.019947687264485394,False,0.026487310016918092
2025-08-26,0.0,0.03692332899977052,0.05,0.028974442999923508,False,0.025930456831280913
2025-08-27,0.0,0.008568414059498526,0.05,0.01952280468649951,False,0.026739465318264974
2025-08-28,0.0,0.0,0.05,0.016666666666666666,False,0.02886751345948129
2025-08-29,0.0,0.0,0.05,0.016666666666666666,False,0.02886751345948129
2025-09-01,0.0,0.0,0.05,0.016666666666666666,False,0.02886751345948129
2025-09-02,0.0,0.0,0.05,0.016666666666666666,False,0.02886751345948129
2025-09-03,0.0,0.0,0.05,0.016666666666666666,False,0.02886751345948129
2025-09-04,0.0,0.05285611131094579,0.05,0.03428537043698193,False,0.029726323561044914
2025-09-05,0.0,0.01718091447842307,0.05,0.022393638159474358,False,0.025404317863923144
2025-09-08,0.0,0.0,0.05,0.016666666666666666,False,0.02886751345948129
2025-09-09,0.0,0.01620419846973975,0.05,0.022068066156579916,False,0.025510560718780297
2025-09-10,0.0,0.0,0.05,0.016666666666666666,False,0.02886751345948129
2025-09-11,0.0,0.0,0.05,0.016666666666666666,False,0.02886751345948129
2025-09-12,0.0,0.030583814442043396,0.05,0.026861271480681136,False,0.0252070028875785
2025-09-15,0.0,0.05154997612479755,0.05,0.033849992041599185,False,0.029325195266342332
2025-09-16,0.0,0.04656400595580993,0.05,0.03218800198526998,False,0.027928517999004806
2025-09-17,0.0,0.0,0.05,0.016666666666666666,False,0.02886751345948129
2025-09-18,0.0,0.0,0.05,0.016666666666666666,False,0.02886751345948129
2025-09-19,0.0,0.016563171570178198,0.05,0.022187723856726068,False,0.025470113688754573
2025-09-22,0.0,0.04877725635611796,0.05,0.032925752118705985,False,0.02852109114219716
2025-09-23,0.0,0.0,0.05,0.016666666666666666,False,0.02886751345948129
2025-09-24,0.0,0.0,0.05,0.016666666666666666,False,0.02886751345948129
2025-09-25,0.0,0.0,0.05,0.016666666666666666,False,0.02886751345948129
2025-09-26,0.0,0.0,0.05,0.016666666666666666,False,0.02886751345948129
2025-09-29,0.0,0.040626291119709904,0.05,0.03020876370656997,False,0.026578067236965174
2025-09-30,0.0,0.06781200142854114,0.05,0.03927066714284705,False,0.03515616335873133
2025-10-09,0.0,0.0,0.05,0.016666666666666666,False,0.02886751345948129
2025-10-10,0.0,0.05017664489460121,0.05,0.03339221496486707,False,0.028918641324405553
2025-10-13,0.0,0.018081801252381707,0.05,0.022693933750793902,False,0.02531706587733228
2025-10-14,0.0,0.0,0.05,0.016666666666666666,False,0.02886751345948129
2025-10-15,0.0,0.018069780275420697,0.05,0.022689926758473564,False,0.025318161764702612
2025-10-16,0.0,0.07690182832329846,0.05,0.042300609441099486,False,0.039024777527878134
2025-10-17,0.0,0.0,0.05,0.016666666666666666,False,0.02886751345948129
2025-10-20,0.0,0.07823218279070032,0.05,0.04274406093023344,False,0.039617610918473
2025-10-21,0.0,0.0,0.05,0.016666666666666666,False,0.02886751345948129
2025-10-22,0.0,0.04109512521876119,0.05,0.030365041739587068,False,0.026671164552799984
2025-10-23,0.0,0.004352353411908562,0.05,0.018117451137302853,False,0.02769672248736737
2025-10-24,0.0,0.0,0.05,0.016666666666666666,False,0.02886751345948129
2025-10-27,0.0,0.004588038826775115,0.05,0.018196012942258373,False,0.02763842831359531
2025-10-28,0.0,0.0,0.05,0.016666666666666666,False,0.02886751345948129
2025-10-29,0.0,0.0,0.05,0.016666666666666666,False,0.02886751345948129
2025-10-30,0.0,0.017855628575587323,0.05,0.02261854285852911,False,0.025337995468268364
2025-10-31,0.0,0.07389470223707581,0.05,0.04129823407902527,False,0.03770805354674386
2025-11-03,0.0,0.0,0.05,0.016666666666666666,False,0.02886751345948129
2025-11-04,0.0,0.0,0.05,0.016666666666666666,False,0.02886751345948129
2025-11-05,0.0,0.0,0.05,0.016666666666666666,False,0.02886751345948129
2025-11-06,0.0,0.04577010588510371,0.05,0.0319233686283679,False,0.027727226682320874
2025-11-07,0.0,0.016437555482984225,0.05,0.02214585182766141,False,0.025484082980735078
2025-11-10,0.0,0.0,0.05,0.016666666666666666,False,0.02886751345948129
2025-11-11,0.0,0.025663371655667806,0.05,0.0252211238852226,False,0.0250029335742398
2025-11-12,0.0,0.004853877467402019,0.05,0.01828462582246734,False,0.02757333405725208
2025-11-13,0.0,0.04843224952664446,0.05,0.03281074984221482,False,0.028425753099838472
2025-11-14,0.0,0.0,0.05,0.016666666666666666,False,0.02886751345948129
2025-11-17,0.0,0.0,0.05,0.016666666666666666,False,0.02886751345948129
2025-11-18,0.0,0.0,0.05,0.016666666666666666,False,0.02886751345948129
2025-11-19,0.0,0.0,0.05,0.016666666666666666,False,0.02886751345948129
2025-11-20,0.0,0.014806013853228803,0.05,0.021602004617742934,False,0.025683440537699016
2025-11-21,0.0,0.013052763608994468,0.05,0.021017587869664827,False,0.025934124606925187
2025-11-24,0.0,0.0002556728321230445,0.05,0.016751890944041014,False,0.02879399084873401
2025-11-25,0.0,0.0,0.05,0.016666666666666666,False,0.02886751345948129
2025-11-26,0.0,0.0,0.05,0.016666666666666666,False,0.02886751345948129
2025-11-27,0.0,0.0,0.05,0.016666666666666666,False,0.02886751345948129
2025-11-28,0.0,0.0,0.05,0.016666666666666666,False,0.02886751345948129
2025-12-01,0.0,0.0,0.05,0.016666666666666666,False,0.02886751345948129
2025-12-02,0.0,0.0,0.05,0.016666666666666666,False,0.02886751345948129
2025-12-03,0.0,0.020202542840726923,0.05,0.02340084761357564,False,0.025152969309109815
2025-12-04,0.0,0.09430929506052652,0.05,0.048103098353508844,False,0.04718325402720448
2025-12-05,0.0,0.008728890641591948,0.05,0.019576296880530652,False,0.026706734479985096
2025-12-08,0.0,0.01287751953613822,0.05,0.02095917317871274,False,0.02596121808003052
2025-12-09,0.0,0.0,0.05,0.016666666666666666,False,0.02886751345948129
2025-12-10,0.0,0.0,0.05,0.016666666666666666,False,0.02886751345948129
2025-12-11,0.0,0.0,0.05,0.016666666666666666,False,0.02886751345948129
2025-12-12,0.0,0.003011510497051322,0.05,0.01767050349901711,False,0.028038626158814584
2025-12-15,0.0,0.12316210562426431,0.05,0.057720701874754775,False,0.06194298179398326
2025-12-16,0.0,0.0,0.05,0.016666666666666666,False,0.02886751345948129
2025-12-17,0.0,0.015077367116680625,0.05,0.02169245570556021,False,0.025647993055579296
2025-12-18,0.0,0.0,0.05,0.016666666666666666,False,0.02886751345948129
2025-12-19,0.0,0.0,0.05,0.016666666666666666,False,0.02886751345948129
2025-12-22,0.0,0.05714114072575103,0.05,0.03571371357525035,False,0.031134401804394935
2025-12-23,0.0,0.03759665163433871,0.05,0.029198883878112907,False,0.026036356839343505
2025-12-24,0.0,0.03955159735215235,0.05,0.02985053245071745,False,0.026373907468678
2025-12-25,0.0,0.0,0.05,0.016666666666666666,False,0.02886751345948129
2025-12-26,0.0,0.07013971554680497,0.05,0.04004657184893499,False,0.036113681247077103
2025-12-29,0.0,0.0,0.05,0.016666666666666666,False,0.02886751345948129
2025-12-30,0.0,0.029342854690013517,0.05,0.026447618230004508,False,0.025125421302328928
2025-12-31,0.0,0.10952278129049893,0.05,0.05317426043016631,False,0.054830346090103295
2026-01-05,0.0,0.0,0.05,0.016666666666666666,False,0.02886751345948129
2026-01-06,0.0,0.0,0.05,0.016666666666666666,False,0.02886751345948129
2026-01-07,0.0,0.004982568254382061,0.05,0.018327522751460688,False,0.02754207432087904
2026-01-08,0.0,0.0,0.05,0.016666666666666666,False,0.02886751345948129
2026-01-09,0.0,0.0,0.05,0.016666666666666666,False,0.02886751345948129
2026-01-12,0.0,0.0034281487403013664,0.05,0.01780938291343379,False,0.027930537450196948
2026-01-13,0.0,0.0,0.05,0.016666666666666666,False,0.02886751345948129
2026-01-14,0.0,0.02367962153175908,0.05,0.024559873843919694,False,0.025011619961525847
2026-01-15,0.0,0.0,0.05,0.016666666666666666,False,0.02886751345948129
2026-01-16,0.0,0.07749672025087698,0.05,0.04249890675029233,False,0.039289123334152916
2026-01-19,0.0,0.0,0.05,0.016666666666666666,False,0.02886751345948129
2026-01-20,0.0,0.0,0.05,0.016666666666666666,False,0.02886751345948129
2026-01-21,0.0,0.04067586086848349,0.05,0.030225286956161165,False,0.026587795533339804
2026-01-22,0.0,0.0,0.05,0.016666666666666666,False,0.02886751345948129
2026-01-23,0.0,0.011372996730206471,0.05,0.020457665576735493,False,0.026208746746808044
2026-01-26,0.0,0.06535713771412141,0.05,0.03845237923804047,False,0.03417454493467597
2026-01-27,0.0,0.0,0.05,0.016666666666666666,False,0.02886751345948129
2026-01-28,0.0,0.009231692926615211,0.05,0.019743897642205074,False,0.026606011275402637
2026-01-29,0.0,0.012994139712421178,0.05,0.02099804657080706,False,0.025943147336980676
2026-01-30,0.0,0.03909114358886552,0.05,0.029697047862955173,False,0.026290431260834718
2026-02-02,0.0,0.0,0.05,0.016666666666666666,False,0.02886751345948129
2026-02-03,0.0,0.0,0.05,0.016666666666666666,False,0.02886751345948129
2026-02-04,0.0,0.026097078280844885,0.05,0.025365692760281628,False,0.02500802258445812
2026-02-05,0.0,0.014849233661659304,0.05,0.021616411220553102,False,0.025677733916473176
2026-02-06,0.0,0.012524642517293828,0.05,0.020841547505764613,False,0.026016882623412778
2026-02-09,0.0,0.017322410474848785,0.05,0.02244080349161626,False,0.025389928324151895
2026-02-10,0.0,0.0,0.05,0.016666666666666666,False,0.02886751345948129
2026-02-11,0.0,0.011612684858050178,0.05,0.02053756161935006,False,0.026167538457090172
2026-02-12,0.0,0.014653623664934064,0.05,0.021551207888311358,False,0.025703744884528746
2026-02-13,0.0,0.0,0.05,0.016666666666666666,False,0.02886751345948129
2026-02-24,0.0,0.09328872555723783,0.05,0.04776290851907927,False,0.046684580031782615
2026-02-25,0.0,0.023691646045589376,0.05,0.02456388201519646,False,0.02501140933034377
2026-02-26,0.0,0.0,0.05,0.016666666666666666,False,0.02886751345948129
2026-02-27,0.0,0.032827680431691486,0.05,0.02760922681056383,False,0.025405200130030375
2026-03-02,0.0,0.0,0.05,0.016666666666666666,False,0.02886751345948129
2026-03-03,0.0,0.039354230187122606,0.05,0.029784743395707535,False,0.02633783036030684
2026-03-04,0.0,0.05792977895037021,0.05,0.035976592983456734,False,0.03140790952249791
2026-03-05,0.0,0.0,0.05,0.016666666666666666,False,0.02886751345948129
2026-03-06,0.0,0.04816880646221609,0.05,0.03272293548740537,False,0.028353680495270372
2026-03-09,0.0,0.020639046346824917,0.05,0.023546348782274972,False,0.02512646623758264
2026-03-10,0.0,0.0411030079997245,0.05,0.030367669333241504,False,0.02667275055582127
2026-03-11,0.0,0.09483964913269738,0.05,0.048279883044232454,False,0.04744321725662611
2026-03-12,0.0,0.0,0.05,0.016666666666666666,False,0.02886751345948129
2026-03-13,0.0,0.0,0.05,0.016666666666666666,False,0.02886751345948129
2026-03-16,0.0,0.0,0.05,0.016666666666666666,False,0.02886751345948129
2026-03-17,0.0,0.0,0.05,0.016666666666666666,False,0.02886751345948129
2026-03-18,0.0,0.0,0.05,0.016666666666666666,False,0.02886751345948129
2026-03-19,0.0,0.017057598740832194,0.05,0.022352532913610734,False,0.02541706603682934
2026-03-20,0.0,0.013834539966500954,0.05,0.02127817998883365,False,0.02581774259277048
2026-03-23,0.0,0.04135916245180119,0.05,0.0304530541506004,False,0.026724659000783167
2026-03-24,0.0,0.000650094593895351,0.05,0.016883364864631784,False,0.02868168924178075
2026-03-25,0.0,0.07267670385786584,0.05,0.04089223461928861,False,0.03718453124060523
2026-03-26,0.0,0.0,0.05,0.016666666666666666,False,0.02886751345948129
2026-03-27,0.0,0.13600845832948094,0.05,0.06200281944316031,False,0.06879408361355917
2026-03-30,0.0,0.03128336738825031,0.05,0.02709445579608344,False,0.025261833568552435
2026-03-31,0.0,0.0,0.05,0.016666666666666666,False,0.02886751345948129
2026-04-01,0.0,0.0,0.05,0.016666666666666666,False,0.02886751345948129
2026-04-02,0.0,0.024123620762159265,0.05,0.024707873587386422,False,0.025005119746220765
2026-04-03,0.0,0.0,0.05,0.016666666666666666,False,0.02886751345948129
2026-04-07,0.0,0.0357000247046046,0.05,0.02856667490153487,False,0.02575196127598277
2026-04-08,0.0,0.023661881228677243,0.05,0.02455396040955908,False,0.025011934230457313
2026-04-09,0.0,0.0,0.05,0.016666666666666666,False,0.02886751345948129
2026-04-10,0.0,0.0,0.05,0.016666666666666666,False,0.02886751345948129
2026-04-13,0.0,0.0,0.05,0.016666666666666666,False,0.02886751345948129
2026-04-14,0.0,0.0,0.05,0.016666666666666666,False,0.02886751345948129
2026-04-15,0.0,0.04281993971617362,0.05,0.03093997990539121,False,0.02703423910209707
2026-04-16,0.0,0.010704687206510199,0.05,0.0202348957355034,False,0.026327146749212518
2026-04-17,0.0,0.0,0.05,0.016666666666666666,False,0.02886751345948129
2026-04-20,1.0,1.0,1.0,1.0,True,0.0
2026-04-21,0.0,0.01926586898644184,0.05,0.023088622995480614,False,0.02521824907007258
2026-04-22,0.0,0.0,0.05,0.016666666666666666,False,0.02886751345948129
2026-04-23,0.0,0.007686255297276396,0.05,0.0192287517657588,False,0.026924374060388046
2026-04-24,0.0,0.002910435922299995,0.05,0.0176368119741,False,0.02806509600400953
2026-04-27,0.0,0.0,0.05,0.016666666666666666,False,0.02886751345948129
2026-04-28,0.0,0.017889368017414167,0.05,0.02262978933913806,False,0.025334831669671518
2026-04-29,0.0,0.02803922631841172,0.05,0.026013075439470578,False,0.025061503656767598
2026-04-30,0.0,0.05415256215876385,0.05,0.03471752071958795,False,0.03013786035548747
2026-05-06,0.0,0.05269010260174515,0.05,0.03423003420058172,False,0.02967457824522068
2026-05-07,0.0,0.0,0.05,0.016666666666666666,False,0.02886751345948129
2026-05-08,0.0,0.0,0.05,0.016666666666666666,False,0.02886751345948129
2026-05-11,0.0,0.02575176336043299,0.05,0.025250587786810996,False,0.025003767370472323
2026-05-12,0.0,0.025689297545610442,0.05,0.025229765848536815,False,0.025003167340068373
2026-05-13,0.0,0.0257523843153024,0.05,0.025250794771767466,False,0.025003773596252183
2026-05-14,0.0,0.19263657453273608,0.05,0.08087885817757869,False,0.09996169453190487
2026-05-15,0.0,0.02854452553465835,0.05,0.026181508511552782,False,0.025083617902699265
2026-05-18,0.0,0.05677828200902995,0.05,0.03559276066967665,False,0.03100999412794439
2026-05-19,0.0,0.04770008817466012,0.05,0.03256669605822004,False,0.028227020170617515
2026-05-20,0.0,0.0325695625652899,0.05,0.027523187521763304,False,0.025379113968181516
2026-05-21,0.0,0.0,0.05,0.016666666666666666,False,0.02886751345948129
2026-05-22,0.0,0.03794846102466337,0.05,0.029316153674887793,False,0.02609382202046573
2026-05-25,0.0,0.0,0.05,0.016666666666666666,False,0.02886751345948129
2026-05-26,0.0,0.0,0.05,0.016666666666666666,False,0.02886751345948129
2026-05-27,0.0,0.0,0.05,0.016666666666666666,False,0.02886751345948129
2026-05-28,0.0,0.004093706969316128,0.05,0.018031235656438712,False,0.027761322544653265
2026-05-29,0.0,0.11573292833367543,0.05,0.05524430944455847,False,0.05804442058746583
