date,return,pred_vol_garch,pred_vol_garch_x
2026-03-04,-0.0115073577765752,0.011582350408874764,0.010989153843026374
2026-03-05,0.0097424555815149,0.01167350119610514,0.0110851112007407
2026-03-06,0.0027395423430226,0.011755563428100326,0.011171964497003478
2026-03-09,-0.009698322211383,0.01182950127631506,0.01125064337556832
2026-03-10,0.0127662448910997,0.011896165229200027,0.011321970105385042
2026-03-11,0.0063417230764773,0.011956307756610874,0.011386674357539229
2026-03-12,-0.0036072937502335,0.012010596370442495,0.011445405497838602
2026-03-13,-0.0039372738863394,0.012059624600828578,0.011498742897601716
2026-03-16,0.0005181457232413,0.01210392128661418,0.011547204647100075
2026-03-17,-0.0073305983418201,0.01214395848992162,0.011591254969237803
2026-03-18,0.0044945543707909,0.012180158277989619,0.011631310566328847
2026-03-19,-0.0162486781193249,0.012212898565109842,0.011667746084026497
2026-03-20,-0.0035474357487482,0.012242518169111568,0.011700898839248918
2026-03-23,-0.0331738127143238,0.012269321206826752,0.011731072930280055
2026-03-24,0.012756722951697,0.012293580930337422,0.01175854282493196
2026-03-25,0.0139258073980391,0.012315543086370366,0.011783556505160348
2026-03-26,-0.0132981282325235,0.012335428868826165,0.011806338232681027
2026-03-27,0.0055767987101583,0.01235343752001794,0.01182709098909238
2026-03-30,-0.0023613564298663,0.012369748629419723,0.011845998635135689
2026-03-31,-0.009371661215305,0.0123845241697195,0.011863227826544163
2026-04-01,0.0169386862694341,0.012397910304119115,0.011878929718081773
2026-04-02,-0.0104742263114902,0.012410038993852372,0.011893241482577194
2026-04-03,-0.0085474507970086,0.01242102943054707,0.011906287667803108
2026-04-07,-3.826461609837159e-05,0.012430989314702141,0.011918181410770438
2026-04-08,0.0342966000065915,0.012440015998367056,0.01192902552627131
2026-04-09,-0.0064048565176157,0.012448197508024393,0.011938913484211049
2026-04-10,0.0152890546134911,0.012455613460876145,0.011947930288337521
2026-04-13,0.0020662747841597,0.012462335887603444,0.011956153267340723
2026-04-14,0.011793660753043,0.012468429970520828,0.011963652787905227
2026-04-15,-0.0034154903049793,0.012473954707546697,0.011970492898110705
2026-04-16,0.0109023850393714,0.012478963509312229,0.011976731908557985
2026-04-17,-0.0016776985887015,0.012483504736886017,0.01198242291772175
2026-04-20,0.0060657336162917,0.012487622186116596,0.01198761428727413
2026-04-21,0.002217233636435,0.012491355524356294,0.011992350072467002
