date,volatility_expansion,momentum_20d,momentum_stress,macro_regime
2025-07-01,1.0,0.0016956641248362,False,LOW_VOL
2025-07-02,0.9960444981272781,0.0019314943528075,False,LOW_VOL|RISK_ON
2025-07-03,1.0101744236219172,0.0080945235882839,False,LOW_VOL
2025-07-04,1.0078687340285941,0.0116490941010688,False,LOW_VOL
2025-07-07,1.0227297515005365,0.0073659100070632005,False,LOW_VOL
2025-07-08,1.0233875124572918,0.0157214497754683,False,LOW_VOL
2025-07-09,1.0031246923105905,0.013956698049948701,False,LOW_VOL
2025-07-10,1.007307234227952,0.0186109096726907,False,LOW_VOL
2025-07-11,0.9513359860778171,0.0198047142977736,False,LOW_VOL|RISK_ON
2025-07-14,0.9566867491376765,0.0205167891262313,False,LOW_VOL|RISK_ON
2025-07-15,0.9565825146726677,0.0208627349862993,False,LOW_VOL|RISK_ON
2025-07-16,0.976548253105929,0.0179074068410387,False,LOW_VOL|RISK_ON
2025-07-17,0.9130321865987412,0.0246945732257978,False,LOW_VOL|RISK_ON
2025-07-18,0.9259506018927022,0.0306404549615947,False,LOW_VOL|RISK_ON
2025-07-21,0.9427266398839067,0.037285746226819,False,LOW_VOL|RISK_ON
2025-07-22,0.9005705632023533,0.0454153707931483,False,LOW_VOL|RISK_ON
2025-07-23,0.7751539837785788,0.0456120172661559,False,LOW_VOL|RISK_ON
2025-07-24,0.7740743417864453,0.052691667561273,False,LOW_VOL|RISK_ON
2025-07-25,0.7673737327287665,0.0474042329244304,False,LOW_VOL|RISK_ON
2025-07-28,0.7751541623413752,0.0495002494123281,False,LOW_VOL|RISK_ON
2025-07-29,0.7849238350935106,0.0517139793517363,False,LOW_VOL|RISK_ON
2025-07-30,0.7951702666740039,0.051290322864031505,False,LOW_VOL|RISK_ON
2025-07-31,1.168243280727403,0.026735695430235098,False,LOW_VOL
2025-08-01,1.1844873553901303,0.018098989785118896,False,LOW_VOL
2025-08-04,1.159938746436975,0.026263728800664098,False,LOW_VOL
2025-08-05,1.1493318863411146,0.0259213570795756,False,LOW_VOL
2025-08-06,1.136328028599935,0.030127358742211896,False,LOW_VOL
2025-08-07,1.12378614698823,0.0257623838078309,False,LOW_VOL
2025-08-08,1.1284763199277608,0.022208448721470497,False,LOW_VOL
2025-08-11,1.130430135870484,0.0257600311473617,False,LOW_VOL
2025-08-12,1.1351517302580234,0.0305724407815841,False,LOW_VOL
2025-08-13,1.1406847273562395,0.041400017654381296,False,LOW_VOL
2025-08-14,1.123608989609317,0.0338296027130828,False,LOW_VOL
2025-08-15,1.126270700759341,0.0348181368655219,False,LOW_VOL
2025-08-18,1.1401737738684068,0.03695307521267,False,LOW_VOL
2025-08-19,1.1253224644974211,0.0250327204721685,False,LOW_VOL
2025-08-20,1.1859087048088839,0.0361442781916358,False,LOW_VOL
2025-08-21,1.1641376411607098,0.032959715672621494,False,LOW_VOL
2025-08-22,1.3345676636010657,0.0590024421411072,False,LOW_VOL
2025-08-25,1.481060464490194,0.07752837137927569,False,LOW_VOL
2025-08-26,1.4909799213332253,0.0698909467370295,False,LOW_VOL
2025-08-27,1.6198376285459963,0.0550401213496121,False,HIGH_VOL
2025-08-28,1.4650554427046243,0.0909803495263276,False,LOW_VOL
2025-08-29,1.4056339595719038,0.103423677409608,False,LOW_VOL
2025-09-01,1.392482587096893,0.1055174821571951,False,LOW_VOL
2025-09-02,1.4462072990138473,0.090124832054257,False,LOW_VOL
2025-09-03,1.4856072422583853,0.0808412854037785,False,HIGH_VOL
2025-09-04,1.7111021820670786,0.05910767163570331,False,HIGH_VOL
2025-09-05,1.7867712748787037,0.0830242847873042,False,HIGH_VOL
2025-09-08,1.7610869120496377,0.0803824529924347,False,HIGH_VOL
2025-09-09,1.7717360497069008,0.0681911264974463,False,HIGH_VOL
2025-09-10,1.7396026764784318,0.062370382927839606,False,HIGH_VOL
2025-09-11,1.8198087033650618,0.0859868795392219,False,HIGH_VOL
2025-09-12,1.81712151225031,0.0733104579935281,False,HIGH_VOL
2025-09-15,1.7830414895282543,0.06697307558973481,False,HIGH_VOL
2025-09-16,1.7526418578857226,0.06861720917342361,False,HIGH_VOL
2025-09-17,1.71424234325195,0.0634097684620845,False,HIGH_VOL
2025-09-18,1.7495838632822813,0.04782057088783151,False,HIGH_VOL
2025-09-19,1.6318250223981399,0.027911955992222702,False,HIGH_VOL
2025-09-22,1.5082324733092454,0.011875285765017602,False,HIGH_VOL
2025-09-23,1.48461064099913,0.014977358310366702,False,HIGH_VOL
2025-09-24,1.4095724526644433,0.040205577596442,False,HIGH_VOL|RISK_ON
2025-09-25,1.3225517388024373,0.0286442421811047,False,HIGH_VOL|RISK_ON
2025-09-26,1.3319906757778668,0.011781093657186402,False,HIGH_VOL|RISK_ON
2025-09-29,1.3740600160041878,0.021073040270874505,False,HIGH_VOL|RISK_ON
2025-09-30,1.3404974634037088,0.032910086508420505,False,HIGH_VOL|RISK_ON
2025-10-09,1.3489493918614721,0.054466828158102,False,HIGH_VOL|RISK_ON
2025-10-10,1.3139588945708,0.056042050171210396,False,HIGH_VOL|RISK_ON
2025-10-13,1.2026683717496112,0.029523974659688805,False,HIGH_VOL|RISK_ON
2025-10-14,1.244304130843518,0.0158753577652392,False,HIGH_VOL|RISK_ON
2025-10-15,1.2636494479636258,0.0376111429510537,False,HIGH_VOL|RISK_ON
2025-10-16,1.2513666000186279,0.0381895068849289,False,HIGH_VOL|RISK_ON
2025-10-17,1.257409748395435,-0.007461754150591603,False,HIGH_VOL
2025-10-20,1.2432878459396073,0.003580538174140297,False,HIGH_VOL|RISK_ON
2025-10-21,1.2863613706138657,0.016368515557748597,False,HIGH_VOL
2025-10-22,1.2734189569855396,0.015189117484756097,False,HIGH_VOL
2025-10-23,1.2508547563420933,0.012084419598852397,False,HIGH_VOL
2025-10-24,1.2210739323349762,0.0355041197975811,False,HIGH_VOL
2025-10-27,1.2286541041734294,0.0464612725968099,False,HIGH_VOL
2025-10-28,1.223719821092593,0.036763352106807395,False,HIGH_VOL
2025-10-29,1.228023883908383,0.0492264723114863,False,HIGH_VOL
2025-10-30,1.2196836902417296,0.0310159925422099,False,HIGH_VOL
2025-10-31,1.2576298446501268,0.010218600769770401,False,HIGH_VOL
2025-11-03,1.222928809643948,0.022459935236939805,False,HIGH_VOL
2025-11-04,1.177963955886136,-0.00029216276760399805,False,HIGH_VOL|RISK_OFF
2025-11-05,1.163501247548082,-0.0028981998406170974,False,HIGH_VOL|RISK_OFF
2025-11-06,1.1496364621026984,-0.0034202486899617968,False,HIGH_VOL|RISK_OFF
2025-11-07,1.050533681801444,0.0133311985182457,False,HIGH_VOL|RISK_ON
2025-11-10,1.0363850184195564,0.0217619741297468,False,HIGH_VOL|RISK_ON
2025-11-11,1.0131797806258116,0.0246138055512679,False,HIGH_VOL|RISK_ON
2025-11-12,0.9609454071851292,0.008564527038433798,False,HIGH_VOL|RISK_ON
2025-11-13,0.9856512887447915,0.0179501615619465,False,HIGH_VOL|RISK_ON
2025-11-14,0.9092733130878621,0.024920463700226304,False,HIGH_VOL|RISK_ON
2025-11-17,0.9139562169670952,0.013097346067870299,False,HIGH_VOL|RISK_ON
2025-11-18,0.8616330484257576,-0.008648684264589299,False,HIGH_VOL
2025-11-19,0.860993456198283,-0.0009323278058907996,False,HIGH_VOL
2025-11-20,0.8610908993785134,-0.009028203684190099,False,HIGH_VOL
2025-11-21,0.9495267342420735,-0.0454464253936837,False,HIGH_VOL
2025-11-24,0.8965265689067846,-0.0584994737070998,True,HIGH_VOL|SENTIMENT_COLLAPSE
2025-11-25,0.9284370049907513,-0.0439085362857151,False,HIGH_VOL
2025-11-26,0.8951689786491552,-0.049702250762014,False,HIGH_VOL
2025-11-27,0.8878706682051462,-0.042175077845876895,False,HIGH_VOL
2025-11-28,0.8476271940231708,-0.0248743403058264,False,HIGH_VOL
2025-12-01,0.8796021648312627,-0.0166657342478498,False,HIGH_VOL
2025-12-02,0.8711936566006063,-0.0140348765650301,False,HIGH_VOL
2025-12-03,0.8731907928134003,-0.0210111920018838,False,HIGH_VOL
2025-12-04,0.8167225115280328,-0.0317841818374805,False,LOW_VOL
2025-12-05,0.8428215453266996,-0.0203497557987705,False,HIGH_VOL
2025-12-08,0.8619262063615505,-0.015735299380699896,False,HIGH_VOL
2025-12-09,0.8513570269322714,-0.011664441808110698,False,HIGH_VOL
2025-12-10,0.8549240099422674,-0.011708641849985898,False,HIGH_VOL
2025-12-11,0.827638310637855,-0.0323943769293242,False,LOW_VOL
2025-12-12,0.7859241260523063,-0.010248646229481802,False,LOW_VOL
2025-12-15,0.790703821081109,-0.010052367469376402,False,LOW_VOL
2025-12-16,0.8239860970013293,-0.015582011831197003,False,LOW_VOL
2025-12-17,0.9169918602415045,-0.001834642830718207,False,HIGH_VOL|RISK_OFF
2025-12-18,0.9237014200886183,-0.002667363435939406,False,HIGH_VOL|RISK_OFF
2025-12-19,0.7454166618326901,0.025399942049520296,False,LOW_VOL|RISK_ON
2025-12-22,0.7689293187742795,0.0361134766855879,False,LOW_VOL|RISK_ON
2025-12-23,0.7531094897617037,0.028608650629880196,False,LOW_VOL|RISK_ON
2025-12-24,0.7510823373085476,0.025445892239236097,False,LOW_VOL|RISK_ON
2025-12-25,0.7541717634218078,0.027767883774670297,False,LOW_VOL|RISK_ON
2025-12-26,0.7582899337077963,0.0284386530953503,False,LOW_VOL|RISK_ON
2025-12-29,0.736124862568988,0.013646226439867995,False,LOW_VOL|RISK_ON
2025-12-30,0.7298468192840823,0.0210639584084193,False,LOW_VOL|RISK_ON
2025-12-31,0.7319921276381804,0.021590238785135392,False,LOW_VOL|RISK_ON
2026-01-05,0.8389112525681041,0.03695892716533499,False,LOW_VOL|RISK_ON
2026-01-06,0.8861732620149415,0.04398465688018939,False,LOW_VOL
2026-01-07,0.8837630452078715,0.03297021340247889,False,LOW_VOL
2026-01-08,0.902255276880869,0.029871892754072787,False,LOW_VOL
2026-01-09,0.9049395067591275,0.03574208088691909,False,LOW_VOL
2026-01-12,0.8770822705961535,0.050905270535736694,False,LOW_VOL
2026-01-13,0.8973228333865265,0.038557543430889185,False,LOW_VOL
2026-01-14,0.8903764049835514,0.04086437227148079,False,LOW_VOL
2026-01-15,0.8251873638243559,0.05491062183999859,False,LOW_VOL|RISK_ON
2026-01-16,0.7510919180424236,0.03264772665484789,False,LOW_VOL|RISK_ON
2026-01-19,0.7335774018567603,0.039127427099498895,False,LOW_VOL|RISK_ON
2026-01-20,0.7487917195930643,0.03245654386055549,False,LOW_VOL|RISK_ON
2026-01-21,0.7280853751453061,0.023879744006663692,False,LOW_VOL|RISK_ON
2026-01-22,0.7346595188155148,0.022041802484890093,False,LOW_VOL|RISK_ON
2026-01-23,0.7523424733568137,0.01466089584523679,False,LOW_VOL|RISK_ON
2026-01-26,0.7588349624215525,0.013780617433255992,False,LOW_VOL|RISK_ON
2026-01-27,0.7641822612896799,0.010349354010198892,False,LOW_VOL|RISK_ON
2026-01-28,0.7645188465898638,0.01680430470085729,False,LOW_VOL|RISK_ON
2026-01-29,0.790031174400585,0.021816643475008692,False,LOW_VOL|RISK_ON
2026-01-30,0.8361041473306006,0.01636660629380359,False,LOW_VOL|RISK_ON
2026-02-02,0.8830333632798021,-0.023976536040810306,False,LOW_VOL
2026-02-03,0.8435294288072561,-0.02763541525115791,False,LOW_VOL
2026-02-04,0.8847489751078439,-0.016461979035988106,False,LOW_VOL|RISK_OFF
2026-02-05,0.8785952030374533,-0.014292224894250005,False,LOW_VOL|RISK_OFF
2026-02-06,0.8803952017026333,-0.024530786814852504,False,LOW_VOL|RISK_OFF
2026-02-09,0.9812687158374941,-0.014904053873689104,False,LOW_VOL|RISK_OFF
2026-02-10,0.9735973630344422,-0.007744625783846604,False,LOW_VOL|RISK_OFF
2026-02-11,0.9729153920518525,-0.0059456805379755045,False,LOW_VOL|RISK_OFF
2026-02-12,0.9740114484001549,-0.006725833225549704,False,LOW_VOL|RISK_OFF
2026-02-13,1.0273111139752829,-0.015217037349867405,False,LOW_VOL|RISK_OFF
2026-02-24,1.0696348237635156,-0.005702180643175004,False,LOW_VOL|RISK_OFF
2026-02-25,1.0822366336361764,0.003598241358432794,False,LOW_VOL
2026-02-26,1.0853698551981001,0.0008042999632122941,False,LOW_VOL
2026-02-27,1.0921594371018293,-0.002768617505668006,False,LOW_VOL|RISK_OFF
2026-03-02,1.0915871037512563,0.005549680317273193,False,LOW_VOL
2026-03-03,1.1744533755903739,-0.010907044541760107,False,HIGH_VOL|RISK_OFF
2026-03-04,1.2108224018069718,-0.022144548546627407,False,HIGH_VOL|RISK_OFF
2026-03-05,1.2422337205854435,-0.015012601752465406,False,HIGH_VOL|RISK_OFF
2026-03-06,1.2223221016206414,-0.019849196113236205,False,HIGH_VOL|RISK_OFF
2026-03-09,1.219254308579611,-0.019498973192187907,False,HIGH_VOL|RISK_OFF
2026-03-10,1.1196311064098343,0.014822319401947795,False,HIGH_VOL
2026-03-11,1.088178533340161,0.009480473793606593,False,LOW_VOL
2026-03-12,1.0709596670056964,-0.0023694519024597053,False,LOW_VOL
2026-03-13,1.0644583713750941,-0.00027405684127120586,False,LOW_VOL
2026-03-16,1.0528117180116514,0.006003127039319094,False,LOW_VOL|RISK_ON
2026-03-17,0.968324245435481,-0.017447162428461505,False,LOW_VOL
2026-03-18,0.9791349830154231,-0.014062328900110204,False,LOW_VOL
2026-03-19,1.068101437394159,-0.028090228900921305,False,LOW_VOL
2026-03-20,1.0667916209590764,-0.03285891142852031,False,LOW_VOL
2026-03-23,1.3450137227773606,-0.0534163556290771,True,HIGH_VOL|RISK_OFF|SENTIMENT_COLLAPSE
2026-03-24,1.3628779952070282,-0.05072165894043511,True,HIGH_VOL|RISK_OFF|SENTIMENT_COLLAPSE
2026-03-25,1.4070219438906124,-0.042800064481605005,False,HIGH_VOL|RISK_OFF
2026-03-26,1.4277344406610013,-0.0541917675229308,True,HIGH_VOL|RISK_OFF|SENTIMENT_COLLAPSE
2026-03-27,1.4323444071432767,-0.045177576196654204,False,HIGH_VOL|RISK_OFF
2026-03-30,1.4100218359461845,-0.0513570131148916,True,HIGH_VOL|RISK_OFF|SENTIMENT_COLLAPSE
2026-03-31,1.3664904284891377,-0.0452199233804018,False,HIGH_VOL|RISK_OFF
2026-04-01,1.4169105359285243,-0.0167738793343925,False,HIGH_VOL|RISK_OFF
2026-04-02,1.394050047657847,-0.0369905612273976,False,HIGH_VOL|RISK_OFF
2026-04-03,1.385381772825577,-0.0482775543674288,False,HIGH_VOL|RISK_OFF
2026-04-07,1.3599290262701325,-0.03861749677214417,False,HIGH_VOL|RISK_OFF
2026-04-08,1.5867930613835244,-0.01708714165665237,False,HIGH_VOL|RISK_OFF
2026-04-09,1.5647455856429475,-0.02983372125074537,False,HIGH_VOL|RISK_OFF
2026-04-10,1.5998082641118305,-0.010937372887020767,False,HIGH_VOL|RISK_OFF
2026-04-13,1.5816950256267337,-0.004933824216521667,False,HIGH_VOL|RISK_OFF
2026-04-14,1.5910585577802938,0.006341690813280034,False,HIGH_VOL
2026-04-15,1.5647716142545718,0.010256798850120832,False,HIGH_VOL
2026-04-16,1.564337731653913,0.016664629518701336,False,HIGH_VOL
2026-04-17,1.4930887069696357,0.031235609049324733,False,HIGH_VOL
2026-04-20,1.4744651800103528,0.040848778414364635,False,HIGH_VOL
2026-04-21,1.1944796850678017,0.07623982476512343,False,HIGH_VOL|RISK_ON
2026-04-22,1.1680783046817793,0.07009497924387184,False,HIGH_VOL|RISK_ON
2026-04-23,1.1402731449177967,0.05339431919142503,False,HIGH_VOL|RISK_ON
2026-04-24,1.0801301676553898,0.06314273816153554,False,HIGH_VOL|RISK_ON
2026-04-27,1.0729386751092003,0.05789718160838883,False,HIGH_VOL|RISK_ON
2026-04-28,1.0666311791059124,0.05758458949354523,False,HIGH_VOL|RISK_ON
2026-04-29,1.034497044116662,0.07785457866433743,False,HIGH_VOL|RISK_ON
2026-04-30,0.9880450982294864,0.06028371385784613,False,HIGH_VOL|RISK_ON
2026-05-06,0.9618569845427917,0.08516895034962974,False,HIGH_VOL|RISK_ON
2026-05-07,0.9127472276426043,0.09850693616540032,False,HIGH_VOL|RISK_ON
2026-05-08,0.9327101359080759,0.0926920566772137,False,HIGH_VOL|RISK_ON
2026-05-11,0.708249275907739,0.0746685603971225,False,LOW_VOL|RISK_ON
2026-05-12,0.6789321034157492,0.0803077438855932,False,LOW_VOL|RISK_ON
2026-05-13,0.646272991921957,0.0751309952220915,False,LOW_VOL|RISK_ON
2026-05-14,0.7831402851837497,0.0561692810265262,False,LOW_VOL|RISK_ON
2026-05-15,0.809243848783726,0.033119273696249,False,LOW_VOL|RISK_ON
2026-05-18,0.815761227391007,0.031155708683454596,False,LOW_VOL|RISK_ON
2026-05-19,0.7903432141110751,0.0242506578973005,False,LOW_VOL|RISK_ON
2026-05-20,0.7883383576678247,0.0254791021862258,False,LOW_VOL|RISK_ON
2026-05-21,0.843657389684805,0.005379196150231601,False,LOW_VOL|RISK_ON
2026-05-22,0.884068300629304,0.0160409753572361,False,HIGH_VOL|RISK_ON
2026-05-25,0.9309167586803642,0.025094893538017197,False,HIGH_VOL
2026-05-26,0.9288090039334189,0.0331892039898448,False,HIGH_VOL
2026-05-27,0.9440210452845454,0.028686902381608495,False,HIGH_VOL
2026-05-28,0.9421678186147631,0.0295855128460342,False,HIGH_VOL
2026-05-29,0.945125509949624,0.0277542324340818,False,HIGH_VOL
