execution_uuid,extraction_timestamp,article_count,latest_article_timestamp,stale_days,query_hash,gdelt_response_hash
7cb2282a-9c21-4dd6-ade6-34bcbdd6d31c,2026-06-02T17:56:54.463428+00:00,200,2026-06-02T17:30:00+00:00,0,c6f3d254691d340feaa688e5c50c8457,db0e2ba3e9d5d49e93211a8c85ca876e
3be13c23-ba44-4f39-b2e8-8deb0f19504c,2026-06-02T17:58:55.375077+00:00,200,2026-06-02T17:30:00+00:00,0,c6f3d254691d340feaa688e5c50c8457,db0e2ba3e9d5d49e93211a8c85ca876e
03eb6f89-dc52-4e2a-b2c2-ba893a33d18a,2026-06-02T18:07:29.940043+00:00,202,2026-06-02T17:45:00+00:00,0,c6f3d254691d340feaa688e5c50c8457,ccc51e4ec2ae61fc60676d749634fe28
1376e5e8-6662-4e32-a9b7-3c0a24bcf9ce,2026-06-02T18:08:51.790882+00:00,358,2026-06-02T17:45:00+00:00,0,c6f3d254691d340feaa688e5c50c8457,22eba2e0eb7f844444797a944e86b00a
6603fb3a-8209-4497-b831-f5b06d589a7d,2026-06-02T18:21:01.922938+00:00,201,2026-06-02T18:00:00+00:00,0,c6f3d254691d340feaa688e5c50c8457,828dc208648d29aeabffc9875202c9e3
f33628f5-299c-4282-ad1f-99d331176f64,2026-06-02T18:35:49.642611+00:00,176,2026-06-02T18:00:00+00:00,0,c6f3d254691d340feaa688e5c50c8457,eb4d29340f5ce174b92f5e0d96877faa
ca8583a9-e600-48e7-a8d3-eaa534aa7240,2026-06-02T18:53:16.935978+00:00,6667,2026-06-02T18:30:00+00:00,0,c6f3d254691d340feaa688e5c50c8457,3ec9f716e1adca1a2c7fc37432c56390
5a1c1ebf-1fcd-4880-8a81-2806165e8911,2026-06-02T19:41:10.151533+00:00,175,2026-06-02T18:30:00+00:00,0,c6f3d254691d340feaa688e5c50c8457,ea323192350b80628a68eaae99108c70
498ba045-4c61-48a3-ad2d-a8d49d4e1d5f,2026-06-02T20:26:28.256855+00:00,176,2026-06-02T18:30:00+00:00,0,c6f3d254691d340feaa688e5c50c8457,5a72ed6a83e6ac027c548f6bd33157e0
045d264f-9f59-4ef7-9ed6-1d2e82c28188,2026-06-02T20:35:52.298464+00:00,176,2026-06-02T18:30:00+00:00,0,c6f3d254691d340feaa688e5c50c8457,5a72ed6a83e6ac027c548f6bd33157e0
d9a22423-d34f-4476-8793-eb53cd9e282a,2026-06-23T20:06:13.646143+00:00,168,2026-06-23T19:30:00+00:00,0,c6f3d254691d340feaa688e5c50c8457,f93a3c1d31602f9ea03dbef30903747b
4c30471f-e536-4782-b821-04aca6406ada,2026-07-06T07:06:33.283142+00:00,174,2026-07-06T06:45:00+00:00,0,c6f3d254691d340feaa688e5c50c8457,b7ca6856b0bf7dafa188ebb5d18247fa
6e6e9f27-7b44-4e8b-94f6-7138d3974f9a,2026-07-06T07:06:34.176736+00:00,174,2026-07-06T06:45:00+00:00,0,c6f3d254691d340feaa688e5c50c8457,b7ca6856b0bf7dafa188ebb5d18247fa
5b6bf10f-ed63-44f3-bb1f-17048150cc03,2026-07-06T07:52:57.481149+00:00,168,2026-07-06T07:15:00+00:00,0,c6f3d254691d340feaa688e5c50c8457,8e2e5e4f1e7900541f3fc55427c19a17
83c08ccd-066a-4df5-b954-fae0190dd9f6,2026-07-06T08:42:33.035141+00:00,166,2026-07-06T08:15:00+00:00,0,c6f3d254691d340feaa688e5c50c8457,9d39b15d51f365a71b1c5c7380483ad1
4f570c51-03b3-4d63-ae4f-8c52f284513b,2026-07-06T09:29:41.136429+00:00,171,2026-07-06T09:00:00+00:00,0,c6f3d254691d340feaa688e5c50c8457,61823258f868add6ae8229d66eb1f281
1f287675-01d3-4d3d-ad35-39036d0987a8,2026-07-06T10:24:22.627620+00:00,172,2026-07-06T09:45:00+00:00,0,c6f3d254691d340feaa688e5c50c8457,96c00619e1f98088065ff48617633dde
5b49f312-2125-4def-a3ec-cc3446a97509,2026-07-06T10:25:31.295217+00:00,172,2026-07-06T09:45:00+00:00,0,c6f3d254691d340feaa688e5c50c8457,96c00619e1f98088065ff48617633dde
d8ed1858-3ea8-4e60-8b5e-e8cdae86de22,2026-07-06T10:28:53.946820+00:00,172,2026-07-06T09:45:00+00:00,0,c6f3d254691d340feaa688e5c50c8457,96c00619e1f98088065ff48617633dde
9c5d71a4-df5f-4c35-9628-b239ea29f8b7,2026-07-06T10:29:24.014803+00:00,172,2026-07-06T09:45:00+00:00,0,c6f3d254691d340feaa688e5c50c8457,96c00619e1f98088065ff48617633dde
8835bad3-e865-480f-8636-a77b6b035601,2026-07-06T10:43:46.686824+00:00,172,2026-07-06T09:45:00+00:00,0,c6f3d254691d340feaa688e5c50c8457,bf296eea4290e1a06735182e78c02c64
ffbb7d70-c935-4f29-ae64-bfe4a9bba9ff,2026-07-06T11:09:17.448235+00:00,179,2026-07-06T10:45:00+00:00,0,c6f3d254691d340feaa688e5c50c8457,47a3402ee7eb6de147a128d2d530ff92
6b53ac47-bc2d-4883-ae82-4929b2cc2529,2026-07-06T11:53:55.369222+00:00,182,2026-07-06T11:30:00+00:00,0,c6f3d254691d340feaa688e5c50c8457,b9c03ab080428ae8e0a1a44aedb53da1
aee03b86-5f18-41a3-bf55-edae4b7e9cb2,2026-07-06T12:02:36.676651+00:00,182,2026-07-06T11:30:00+00:00,0,c6f3d254691d340feaa688e5c50c8457,b9c03ab080428ae8e0a1a44aedb53da1
