extraction_timestamp,duplicate_ratio,boilerplate_rejection_rate,average_article_length,max_source_concentration,daily_article_entropy
2026-06-02T17:56:54.466603+00:00,0.14,0.0046511627906976605,75.41,0.03,6.895741645060816
2026-06-02T17:58:55.378099+00:00,0.14,0.0046511627906976605,75.41,0.03,6.895741645060816
2026-06-02T18:07:29.942891+00:00,0.124,0.004566210045662156,74.95544554455445,0.0297029702970297,6.896263943156573
2026-06-02T18:08:51.795086+00:00,0.242,0.0026385224274406704,74.23463687150839,0.027932960893854747,7.442690955516696
2026-06-02T18:21:01.926442+00:00,0.128,0.004587155963302725,74.90547263681592,0.029850746268656716,6.904717022182188
2026-06-02T18:35:49.646044+00:00,0.256,0.0,70.11931818181819,0.03977272727272727,6.491467874689753
2026-06-02T18:53:17.050659+00:00,0.34456281792878396,0.0011714745936447502,74.51102444877756,0.0215989200539973,8.913188157350017
2026-06-02T19:41:10.154097+00:00,0.26,0.0,70.38857142857142,0.04,6.512001860776509
2026-06-02T20:26:28.259685+00:00,0.256,0.0,70.35795454545455,0.03977272727272727,6.525558783780662
2026-06-02T20:35:52.301112+00:00,0.256,0.0,70.35795454545455,0.03977272727272727,6.525558783780662
2026-06-23T20:06:13.653215+00:00,0.30400000000000005,0.0,71.29761904761905,0.05952380952380952,6.501455798238594
2026-07-06T07:06:33.287091+00:00,0.28,0.0,73.99425287356321,0.034482758620689655,6.824272573482382
2026-07-06T07:06:34.179445+00:00,0.28,0.0,73.99425287356321,0.034482758620689655,6.824272573482382
2026-07-06T07:52:57.486757+00:00,0.30400000000000005,0.0,73.83333333333333,0.041666666666666664,6.758118985612187
2026-07-06T08:42:33.037399+00:00,0.31999999999999995,0.0,74.644578313253,0.04216867469879518,6.694703907433987
2026-07-06T09:29:41.138818+00:00,0.30000000000000004,0.0,74.5672514619883,0.04678362573099415,6.685196301347041
2026-07-06T10:24:22.630969+00:00,0.29600000000000004,0.0,74.56976744186046,0.046511627906976744,6.676881888483605
2026-07-06T10:25:31.297428+00:00,0.29600000000000004,0.0,74.56976744186046,0.046511627906976744,6.676881888483605
2026-07-06T10:28:53.949664+00:00,0.29600000000000004,0.0,74.56976744186046,0.046511627906976744,6.676881888483605
2026-07-06T10:29:24.017691+00:00,0.29600000000000004,0.0,74.56976744186046,0.046511627906976744,6.676881888483605
2026-07-06T10:43:46.689272+00:00,0.29600000000000004,0.0,74.56976744186046,0.046511627906976744,6.676881888483605
2026-07-06T11:09:17.450865+00:00,0.268,0.0,74.6536312849162,0.0446927374301676,6.7637383862610125
2026-07-06T11:53:55.373730+00:00,0.256,0.0,75.01648351648352,0.04395604395604396,6.799586656739461
2026-07-06T12:02:36.680242+00:00,0.256,0.0,75.01648351648352,0.04395604395604396,6.799586656739461
