date,actual_return_t+1,predicted_return_t+1
2026-03-23,0.012756722951697,0.5748677
2026-03-24,0.0139258073980391,0.37599635
2026-03-25,-0.0132981282325235,-0.80649924
2026-03-26,0.0055767987101583,0.378021
2026-03-27,-0.0023613564298663,-0.63618994
2026-03-30,-0.009371661215305,-0.4683597
2026-03-31,0.0169386862694341,0.84205985
2026-04-01,-0.0104742263114902,-0.8486526
2026-04-02,-0.0085474507970086,-0.47756267
2026-04-03,-3.826461609837159e-05,-0.4387173
2026-04-07,0.0342966000065915,0.80948794
2026-04-08,-0.0064048565176157,-0.6599263
2026-04-09,0.0152890546134911,0.7139697
2026-04-10,0.0020662747841597,0.25399256
2026-04-13,0.011793660753043,0.6725284
2026-04-14,-0.0034154903049793,-0.631893
2026-04-15,0.0109023850393714,0.876091
2026-04-16,-0.0016776985887015,-0.42817402
2026-04-17,0.0060657336162917,0.6813724
2026-04-20,0.002217233636435,0.78304684
