date,prediction,actual_return,pnl,confidence_raw
2025-08-04,,0.0038815549215396,0.0,0.0
2025-08-05,,0.0080131680473166,0.0,0.0
2025-08-06,,0.0024412499371167,0.0,0.0
2025-08-07,,0.000289236688361,0.0,0.0
2025-08-08,,-0.0023601304612775,-0.0,0.0
2025-08-11,,0.0042636572543489,0.0,0.0
2025-08-12,,0.0051583554942904,0.0,0.0
2025-08-13,,0.0078722487275366,0.0,0.0
2025-08-14,,-0.0007832485565394,-0.0,0.0
2025-08-15,,0.006934415888236,0.0,0.0
2025-08-18,,0.0087802296123724,0.0,0.0
2025-08-19,,-0.0037907301741722,-0.0,0.0
2025-08-20,,0.0113082041924749,0.0,0.0
2025-08-21,,0.0038950877761028,0.0,0.0
2025-08-22,,0.0207552918316431,0.0,0.0
2025-08-25,,0.0206219457260662,0.0,0.0
2025-08-26,,-0.0037280305780018,-0.0,0.0
2025-08-27,,-0.0150386516471509,-0.0,0.0
2025-08-28,,0.0175486299783955,0.0,0.0
2025-08-29,,0.0073611927509491,0.0,0.0
2025-09-01,,0.0059753596691267,0.0,0.0
2025-09-02,,-0.0073794820556215,-0.0,0.0
2025-09-03,,-0.0068422967133618,-0.0,0.0
2025-09-04,,-0.0214443770797142,-0.0,0.0
2025-09-05,,0.0215564826903234,0.0,0.0
2025-09-08,,0.0016218254594794,0.0,0.0
2025-09-09,,-0.007032971000698,-0.0,0.0
2025-09-10,,0.0020515051579299,0.0,0.0
2025-09-11,,0.0228332480548429,0.0,0.0
2025-09-12,,-0.0057420056574578,-0.0,0.0
2025-09-15,,0.0024428472085791,0.0,0.0
2025-09-16,,-0.0021465965904834,-0.0,0.0
2025-09-17,,0.0061007634811358,0.0,0.0
2025-09-18,,-0.0116941097981502,-0.0,0.0
2025-09-19,,0.0008466769360343,0.0,0.0
2025-09-22,,0.0045852754988611,0.0,0.0
2025-09-23,,-0.0006259580326527,-0.0,0.0
2025-09-24,,0.0101895676389244,0.0,0.0
2025-09-25,,0.0059872945630582,0.0,0.0
2025-09-26,,-0.0095019557729692,-0.0,0.0
2025-09-29,,0.0152673062828148,0.0,0.0
2025-09-30,,0.0044575641819245,0.0,0.0
2025-10-09,,0.0147144449363197,0.0,0.0
2025-10-10,,-0.0198691550666058,-0.0,0.0
2025-10-13,,-0.0049615928211982,-0.0,0.0
2025-10-14,,-0.0120267914349702,-0.0,0.0
2025-10-15,,0.0147028141851165,0.0,0.0
2025-10-16,,0.0026298690918051,0.0,0.0
2025-10-17,,-0.0228180129806776,-0.0,0.0
2025-10-20,,0.0053002866672741,0.0,0.0
2025-10-21,,0.0152308245921874,0.0,0.0
2025-10-22,,-0.0033259946634759,-0.0,0.0
2025-10-23,,0.0029960655952321,0.0,0.0
2025-10-24,,0.0117255904005785,0.0,0.0
2025-10-27,,0.0118038297352631,0.0,0.0
2025-10-28,,-0.0051126449911414,-0.0,0.0
2025-10-29,,0.0118371621720262,0.0,0.0
2025-10-30,,-0.008020912130352,-0.0,0.0
2025-10-31,,-0.0148100972093813,-0.0,0.0
2025-11-03,,0.0027393786942002,0.0,0.0
2025-11-04,,-0.007484791721729,-0.0,0.0
2025-11-05,,0.0018515271089114,0.0,0.0
2025-11-06,,0.014192396086975,0.0,0.0
2025-11-07,,-0.0031177078583983,-0.0,0.0
2025-11-10,,0.0034691827903029,0.0,0.0
2025-11-11,,-0.0091749600134491,-0.0,0.0
2025-11-12,,-0.0013464643277176,-0.0,0.0
2025-11-13,,0.0120155036153178,0.0,0.0
2025-11-14,,-0.0158477108423978,-0.0,0.0
2025-11-17,,-0.0065228309650819,-0.0,0.0
2025-11-18,,-0.0065152057402722,-0.0,0.0
2025-11-19,,0.0043903617952226,0.0,0.0
2025-11-20,,-0.0050998102830672,-0.0,0.0
2025-11-21,,-0.0246926313089151,-0.0,0.0
2025-11-24,,-0.001249218578153,-0.0,0.0
2025-11-25,,0.0094782924302433,0.0,0.0
2025-11-26,,0.0060434476957273,0.0,0.0
2025-11-27,,-0.0004937392142149,-0.0,0.0
2025-11-28,,0.0024906403306692,0.0,0.0
2025-12-01,,0.0109479847521768,0.0,0.0
2025-12-02,,-0.0048539340389093,-0.0,0.0
2025-12-03,,-0.0051247883279423,-0.0,0.0
2025-12-04,,0.0034194062513783,0.0,0.0
2025-12-05,,0.0083167181803117,0.0,0.0
2025-12-08,,0.0080836392083735,0.0,0.0
2025-12-09,,-0.0051041024408599,-0.0,0.0
2025-12-10,,-0.0013906643695928,-0.0,0.0
2025-12-11,,-0.0086702314640205,-0.0,0.0
2025-12-12,,0.0062980198574446,0.0,0.0
2025-12-15,,-0.0063265522049765,-0.0,0.0
2025-12-16,,-0.0120448501020928,-0.0,0.0
2025-12-17,,0.0181377307957014,0.0,0.0
2025-12-18,,-0.0059325308882884,-0.0,0.0
2025-12-19,,0.0033746741765446,0.0,0.0
2025-12-22,,0.0094643160579146,0.0,0.0
2025-12-23,,0.0019734663745356,0.0,0.0
2025-12-24,,0.0028806893050832,0.0,0.0
2025-12-25,,0.0018282523212193,0.0,0.0
2025-12-26,,0.0031614096513492,0.0,0.0
2025-12-29,,-0.0038444419033055,-0.0,0.0
2025-12-30,,0.002563797929642,0.0,0.0
2025-12-31,,-0.0045985079512262,-0.0,0.0
2026-01-05,,0.0187880946315779,0.0,0.0
2026-01-06,,0.0153424478951661,0.0,0.0
2026-01-07,,-0.002930804269337,-0.0,0.0
2026-01-08,,-0.008202423089266,-0.0,0.0
2026-01-09,,0.0044795237632535,0.0,0.0
2026-01-12,,0.0064929581847971,0.0,0.0
2026-01-13,,-0.0060497072474029,-0.0,0.0
2026-01-14,,-0.0040197233643849,-0.0,0.0
2026-01-15,,0.002001399466425,0.0,0.0
2026-01-16,,-0.0041251643894493,-0.0,0.0
2026-01-19,,0.0005471695563626,0.0,0.0
2026-01-20,,-0.0032962090623988,-0.0,0.0
2026-01-21,,0.0008875162040228,0.0,0.0
2026-01-22,,0.000135524852762,0.0,0.0
2026-01-23,,-0.0045002173345701,-0.0,0.0
2026-01-26,,0.0009479739092385,0.0,0.0
2026-01-27,,-0.0002698537717079,-0.0,0.0
2026-01-28,,0.0026105087873529,0.0,0.0
2026-01-29,,0.0075761367037934,0.0,0.0
2026-01-30,,-0.0100485451324313,-0.0,0.0
2026-02-02,,-0.021555047703036,-0.0,0.0
2026-02-03,,0.0116835686848185,0.0,0.0
2026-02-04,,0.0082426319458328,0.0,0.0
2026-02-05,,-0.0060326689475279,-0.0,0.0
2026-02-06,,-0.005759038157349,-0.0,0.0
2026-02-09,,0.0161196911259605,0.0,0.0
2026-02-10,,0.0011097208424396,0.0,0.0
2026-02-11,,-0.0022207781185138,-0.0,0.0
2026-02-12,,0.0012212467788508,0.0,0.0
2026-02-13,,-0.012616368513767,-0.0,0.0
2026-02-24,,0.010062026263055,0.0,0.0
2026-02-25,,0.006004212939209,0.0,0.0
2026-02-26,,-0.0019064251911977,-0.0,0.0
2026-02-27,,-0.0034373926161183,-0.0,0.0
2026-03-02,,0.0038180804883711,0.0,0.0
2026-03-03,,-0.0155087509497948,-0.0,0.0
2026-03-04,,-0.0115073577765752,-0.0,0.0
2026-03-05,,0.0097424555815149,0.0,0.0
2026-03-06,,0.0027395423430226,0.0,0.0
2026-03-09,,-0.009698322211383,-0.0,0.0
2026-03-10,,0.0127662448910997,0.0,0.0
2026-03-11,,0.0063417230764773,0.0,0.0
2026-03-12,,-0.0036072937502335,-0.0,0.0
2026-03-13,,-0.0039372738863394,-0.0,0.0
2026-03-16,,0.0005181457232413,0.0,0.0
2026-03-17,,-0.0073305983418201,-0.0,0.0
2026-03-18,,0.0044945543707909,0.0,0.0
2026-03-19,,-0.0162486781193249,-0.0,0.0
2026-03-20,,-0.0035474357487482,-0.0,0.0
2026-03-23,,-0.0331738127143238,-0.0,0.0
2026-03-24,,0.012756722951697,0.0,0.0
2026-03-25,,0.0139258073980391,0.0,0.0
2026-03-26,,-0.0132981282325235,-0.0,0.0
2026-03-27,,0.0055767987101583,0.0,0.0
2026-03-30,,-0.0023613564298663,-0.0,0.0
2026-03-31,,-0.009371661215305,-0.0,0.0
2026-04-01,,0.0169386862694341,0.0,0.0
2026-04-02,,-0.0104742263114902,-0.0,0.0
2026-04-03,,-0.0085474507970086,-0.0,0.0
2026-04-07,,-3.826461609837159e-05,-0.0,0.0
2026-04-08,,0.0342966000065915,0.0,0.0
2026-04-09,,-0.0064048565176157,-0.0,0.0
2026-04-10,,0.0152890546134911,0.0,0.0
2026-04-13,,0.0020662747841597,0.0,0.0
2026-04-14,,0.011793660753043,0.0,0.0
2026-04-15,,-0.0034154903049793,-0.0,0.0
2026-04-16,,0.0109023850393714,0.0,0.0
2026-04-17,,-0.0016776985887015,-0.0,0.0
2026-04-20,0.6666666865348816,0.0060657336162917,0.0,98.53543750375007
2026-04-21,0.5582291483879089,0.002217233636435,0.001199406489104034,0.0
2026-04-22,,0.0066118774304454,-0.0009853543750375008,0.0
2026-04-23,,-0.0027748526544077,-0.0,0.0
2026-04-24,,-0.003549709262413,-0.0,0.0
2026-04-27,,0.0003312421570116,0.0,0.0
2026-04-28,,-0.0026739485447099,-0.0,0.0
2026-04-29,,0.0108983279554872,0.0,0.0
2026-04-30,,-0.0006321785370572,-0.0,0.0
2026-05-06,,0.0144110101802934,0.0,0.0
2026-05-07,,0.004790535018762,0.0,0.0
2026-05-08,,-0.005853144104285,-0.0,0.0
2026-05-11,,0.0162731037265003,0.0,0.0
2026-05-12,,-0.000765673029145,-0.0,0.0
2026-05-13,,0.0101123059499894,0.0,0.0
2026-05-14,,-0.0168954394114056,-0.0,0.0
2026-05-15,,-0.0112563465772342,-0.0,0.0
2026-05-18,,-0.0053790553177737,-0.0,0.0
2026-05-19,,0.0039973342532173,0.0,0.0
2026-05-20,,-0.0004492542997762,-0.0,0.0
2026-05-21,,-0.0140341724197025,-0.0,0.0
2026-05-22,,0.0128790128434395,0.0,0.0
2026-05-25,,0.0156657956112265,0.0,0.0
2026-05-26,,0.0053194577974199,0.0,0.0
2026-05-27,,-0.0080520108706493,-0.0,0.0
2026-05-28,,0.0012298526214373,0.0,0.0
2026-05-29,,-0.0045052289566623,-0.0,0.0
2026-06-01,0.6666666865348816,-0.009831320805597,-0.0,98.53543750375007
2026-06-02,,0.0144077891250084,0.013211423673907253,98.53543750375007
2026-06-03,,0.0049221837142224,0.004850095257547377,98.53543750375007
2026-06-04,,-0.0069203000378895,-0.006818947918906601,98.53543750375007
2026-06-05,,-0.0180694198747072,-0.017804781927932306,98.53543750375007
2026-06-08,,-0.0216742411061828,-0.02135680829959486,98.53543750375007
2026-06-09,,0.0185324800336448,0.01826106028144703,98.53543750375007
2026-06-10,,-0.0111452434011125,-0.010982014346144037,98.53543750375007
2026-06-11,,-0.0055284033740852,-0.005447436451626933,98.53543750375007
2026-06-12,,0.0115603874220957,0.011391078323490494,98.53543750375007
2026-06-15,,0.0236622446059768,0.023315696245706743,98.53543750375007
2026-06-16,,-0.0015302839365383,-0.001507871971917623,98.53543750375007
2026-06-17,,0.0096092796128906,0.009468545707520414,98.53543750375007
2026-06-18,,0.00206826186084,0.0020379708733018966,98.53543750375007
2026-06-22,,0.0236101330857867,0.02326434793129757,98.53543750375007
2026-06-23,,-0.0281147513778406,-0.027702993273246837,98.53543750375007
2026-06-24,,0.0047919175241807,0.004721736897270322,98.53543750375007
2026-06-25,,0.0154733888832545,0.01524677143277145,98.53543750375007
2026-06-26,,-0.0307214619432305,-0.030271526933310252,98.53543750375007
2026-06-29,,0.0119856191783749,0.011810082294945082,98.53543750375007
2026-06-30,,0.0106014314437693,0.010446166854778208,98.53543750375007
2026-07-01,,-0.0041153914668001,-0.004055118986803476,98.53543750375007
2026-07-02,,-0.0300249707664531,-0.029585236305097625,98.53543750375007
2026-07-03,,0.006187851501485,0.006097226549070613,98.53543750375007
