volatility,regime,dir_prob,confidence,signal
-0.7422674057234329,LOW_VOL,0.25640127062797546,0.0,NO TRADE
-0.737004247828696,LOW_VOL,0.25640127062797546,0.0,NO TRADE
-0.7317410899339591,LOW_VOL,0.25640127062797546,0.0,NO TRADE
-0.7264779320392223,LOW_VOL,0.25640127062797546,0.0,NO TRADE
-0.7212147741444854,LOW_VOL,0.25640127062797546,0.0,NO TRADE
-0.7159516162497486,LOW_VOL,0.25640127062797546,0.0,NO TRADE
-0.7106884583550118,LOW_VOL,0.25640127062797546,0.0,NO TRADE
-0.705425300460275,LOW_VOL,0.25640127062797546,0.0,NO TRADE
-0.7001621425655381,LOW_VOL,0.25640127062797546,0.0,NO TRADE
-0.6948989846708012,LOW_VOL,0.25640127062797546,0.0,NO TRADE
-0.6896358267760644,HIGH_VOL,0.6666666865348816,0.0,NO TRADE
-0.6843726688813275,HIGH_VOL,0.6666666865348816,0.0,NO TRADE
-0.6791095109865907,HIGH_VOL,0.6666666865348816,0.0,NO TRADE
-0.6738463530918538,HIGH_VOL,0.6666666865348816,0.0,NO TRADE
-0.668583195197117,HIGH_VOL,0.6666666865348816,0.0,NO TRADE
-0.6633200373023802,HIGH_VOL,0.6666666865348816,0.0,NO TRADE
-0.6580568794076433,HIGH_VOL,0.6666666865348816,0.0,NO TRADE
-0.6527937215129065,HIGH_VOL,0.6666666865348816,0.0,NO TRADE
-0.6475305636181696,HIGH_VOL,0.6666666865348816,0.0,NO TRADE
-0.6422674057234328,HIGH_VOL,0.6666666865348816,0.0,NO TRADE
