date,regime,dir_prob,confidence,signal
2026-03-24,LOW_VOL,0.5553772449493408,0.06895746957003679,NO TRADE
2026-03-25,LOW_VOL,0.5416631102561951,0.06016351448515835,NO TRADE
2026-03-26,LOW_VOL,0.5535918474197388,0.08813912809809984,NO TRADE
2026-03-27,LOW_VOL,0.24384813010692596,0.4419182552273129,SHORT
2026-03-30,LOW_VOL,0.2427448034286499,0.4028849727601017,SHORT
2026-03-31,LOW_VOL,0.5445308685302734,0.06736526721138703,NO TRADE
2026-04-01,LOW_VOL,0.25640127062797546,0.0,NO TRADE
2026-04-02,LOW_VOL,0.25640127062797546,0.0,NO TRADE
2026-04-03,LOW_VOL,0.2434202879667282,0.0,NO TRADE
2026-04-07,LOW_VOL,0.5649011731147766,0.1194105107521809,NO TRADE
2026-04-08,HIGH_VOL,0.6666666865348816,0.51458340393819,LONG
2026-04-09,HIGH_VOL,0.6666666865348816,0.5674877131649498,LONG
2026-04-10,HIGH_VOL,0.6666666865348816,0.49372856739991505,LONG
2026-04-13,HIGH_VOL,0.6666666865348816,0.48877629677279016,LONG
2026-04-14,HIGH_VOL,0.6666666865348816,0.449430305085931,LONG
2026-04-15,HIGH_VOL,0.6666666865348816,0.5013521401343413,LONG
2026-04-16,HIGH_VOL,0.6666666865348816,0.48651341266992687,LONG
2026-04-17,HIGH_VOL,0.6666666865348816,0.50401750160137,LONG
2026-04-20,HIGH_VOL,0.6666666865348816,0.4882905183310552,LONG
